unix_time,moisture,temp_c
1788569643,628,26.80
1788569942,631,26.70
1788570242,631,26.59
1788570543,638,26.59
1788570844,638,26.08
1788571145,645,26.80
1788571445,642,27.11
1788571746,646,27.31
1788572046,667,27.11
1788572346,653,27.62
1788572646,637,27.94
1788572945,632,27.94
1788573244,635,27.94
1788573543,655,27.73
1788573843,665,28.24
1788574141,643,28.14
1788574440,640,27.94
1788574739,625,29.27
1788575038,633,28.45
1788575337,640,28.14
1788575635,652,28.24
1788575934,634,28.35
1788576233,657,28.35
1788576531,628,28.65
1788576830,638,28.35
1788577129,647,28.14
1788577428,634,28.35
1788577726,638,28.35
1788578025,648,28.14
1788578324,665,28.35
1788578623,635,28.45
1788578921,636,28.45
1788579220,643,28.45
1788579519,633,28.24
1788579817,641,28.55
1788580116,648,28.24
1788580415,666,28.04
1788580713,637,28.35
1788581012,638,28.45
1788581311,659,28.24
1788581610,649,28.35
1788581909,663,27.94
1788582207,651,28.45
1788582506,636,28.55
1788582805,654,28.24
1788583104,635,28.35
1788583403,642,28.04
1788583701,635,28.35
1788584000,654,28.55
1788584299,646,28.14
1788584598,644,27.83
1788584897,643,28.55
1788585196,641,28.45
1788585495,633,28.35
1788585794,662,28.24
1788586093,660,28.35
1788586392,634,28.76
1788586691,647,28.04
1788586990,645,28.35
1788587290,640,28.55
1788587589,648,28.14
1788587888,640,28.24
1788588187,647,28.35
1788588486,652,28.04
1788588786,647,28.14
1788589085,665,28.04
1788589384,649,28.14
1788589683,647,27.94
1788589982,641,28.14
1788590282,640,27.83
1788590581,635,27.94
1788590880,647,28.04
1788591180,673,28.04
1788591479,672,28.04
1788591778,640,28.24
1788592078,642,27.94
1788592377,678,27.83
1788592677,644,27.94
1788592977,641,27.94
1788593277,641,28.14
1788593576,661,27.94
1788593876,642,28.24
1788594176,667,28.35
1788594476,641,27.83
1788594776,681,28.14
1788595075,641,28.14
1788595375,667,28.04
1788595675,676,27.83
1788595975,645,27.94
1788596275,650,27.94
1788596575,646,28.14
1788596874,645,28.04
1788597174,670,27.83
1788597474,641,27.83
1788597774,649,28.04
1788598073,647,27.83
1788598373,679,28.04
1788598673,643,27.94
1788598973,643,27.83
1788599273,643,27.83
1788599572,645,27.31
1788599872,646,28.04
1788600172,653,27.83
1788600472,643,27.73
1788600772,640,28.14
1788601071,649,27.83
1788601371,644,27.73
1788601671,670,27.73
1788601971,644,27.94
1788602271,640,27.73
1788602571,638,27.62
1788602871,645,27.73
1788603171,666,27.31
1788603471,647,27.83
1788603771,669,27.94
1788604071,661,27.11
1788604371,674,27.52
1788604671,647,28.04
1788604972,671,27.83
1788605272,674,27.73
1788605572,664,27.62
1788605872,647,27.52
1788606172,652,27.62
1788606472,667,27.62
1788606772,674,27.83
1788607072,641,27.52
1788607372,664,27.83
1788607672,642,28.24
1788607972,651,27.94
1788608272,648,27.94
1788608571,646,28.04
1788608871,660,27.94
1788609171,655,27.83
1788609471,653,27.94
1788609770,647,27.94
1788610070,658,27.73
1788610369,678,27.94
1788610668,652,28.14
1788610968,649,28.14
1788611267,648,28.04
1788611566,643,27.83
1788611866,665,28.14
1788612165,671,27.94
1788612464,660,27.73
1788612763,650,28.14
1788613062,666,27.62
1788613362,651,28.14
1788613661,658,28.14
1788613960,658,27.94
1788614259,649,28.04
1788614559,653,27.52
1788614858,659,27.94
1788615157,650,27.83
1788615457,650,28.04
1788615756,674,28.14
1788616055,659,27.94
1788616355,658,27.83
1788616654,642,27.94
1788616954,652,27.52
1788617254,686,27.94
1788617554,664,27.62
1788617853,657,27.83
1788618153,646,27.73
1788618453,663,27.73
1788618753,668,27.83
1788619053,683,27.83
1788619353,649,27.52
1788619653,665,27.94
1788619953,665,27.62
1788620253,656,27.62
1788620553,681,27.52
1788620853,666,27.73
1788621153,658,27.62
1788621454,648,28.14
1788621754,688,27.41
1788622054,682,27.41
1788622354,662,27.73
1788622654,650,27.62
1788622955,664,27.41
1788623255,651,27.62
1788623555,652,27.94
1788623855,651,27.73
1788624156,655,27.52
1788624456,659,27.83
1788624756,650,27.73
1788625056,665,27.83
1788625357,652,27.73
1788625657,661,27.73
1788625957,655,27.73
1788626258,658,27.73
1788626558,680,27.62
1788626858,656,27.52
1788627159,649,27.62
1788627459,646,27.94
1788627759,661,27.94
1788628060,651,27.83
1788628360,682,28.04
1788628660,656,28.04
1788628960,675,27.73
1788629260,656,28.04
1788629560,654,28.24
1788629860,663,27.94
1788630160,680,28.24
1788630460,657,28.24
1788630759,663,27.94
1788631059,657,28.14
1788631358,655,28.55
1788631657,665,28.65
1788631957,656,28.65
1788632256,658,28.86
1788632555,654,28.35
1788632854,654,28.97
1788633152,654,28.86
1788633451,656,29.17
1788633749,669,28.97
1788634048,671,29.37
1788634346,655,29.17
1788634644,661,29.37
1788634941,697,29.27
1788635239,656,29.37
1788635537,661,29.79
1788635834,663,29.69
1788636131,658,29.69
1788636428,689,29.79
1788636726,656,29.48
1788637023,689,29.69
1788637319,673,29.99
1788637616,658,30.20
1788637913,674,30.30
1788638209,688,29.99
1788638506,685,30.40
1788638802,701,29.99
1788639098,700,30.51
1788639394,670,30.40
1788639690,673,30.30
1788639986,671,30.30
1788640282,668,30.51
1788640578,684,30.82
1788640873,658,30.51
1788641169,678,30.72
1788641464,670,31.12
1788641760,681,30.51
1788642055,662,30.82
1788642350,677,30.82
1788642645,669,30.51
1788642940,670,30.82
1788643235,656,31.02
1788643530,663,31.02
1788643825,664,31.02
1788644120,683,30.92
1788644415,687,31.23
1788644709,656,31.12
1788645004,671,31.33
1788645299,685,31.12
1788645594,681,31.33
1788645888,666,31.23
1788646183,689,31.02
1788646477,659,31.33
1788646772,669,31.02
1788647066,679,31.02
1788647361,691,31.44
1788647655,694,31.44
1788647949,691,31.33
1788648244,671,31.23
1788648538,659,31.23
1788648832,671,31.33
1788649127,705,31.12
1788649421,663,31.75
1788649715,703,31.02
1788650010,698,31.54
1788650304,658,31.23
1788650599,663,31.23
1788650893,668,31.33
1788651188,662,31.02
1788651483,664,31.12
1788651778,663,31.12
1788652072,666,31.02
1788652367,669,31.02
1788652662,664,30.92
1788652957,674,31.12
1788653251,664,31.02
1788653546,665,30.92
1788653841,694,30.82
1788654136,660,30.61
1788654431,694,30.82
1788654726,684,30.51
1788655022,701,30.40
1788655317,664,30.20
1788656074,706,30.61
1788656374,661,30.72
1788656674,687,30.51
1788656974,682,30.61
1788657274,679,30.51
1788657574,666,30.40
1788657875,681,29.89
1788658175,700,30.20
1788658475,664,30.51
1788658776,660,30.40
1788659076,677,30.30
1788659377,683,30.10
1788659677,677,29.89
1788659978,686,30.10
1788660279,661,30.20
1788660579,668,29.89
1788660880,680,29.79
1788661181,671,30.10
1788661482,664,29.79
1788661784,678,29.79
1788662085,697,29.58
1788662386,685,29.89
1788662688,668,29.79
1788662990,662,29.48
1788663291,672,29.48
1788663593,703,29.48
1788663895,687,29.37
1788664197,666,29.37
1788664500,684,29.27
1788664802,697,29.37
1788665104,670,29.27
1788665406,694,29.37
1788665709,676,29.27
1788666011,665,29.17
1788666314,662,28.97
1788666616,678,29.17
1788666919,673,28.65
1788667221,671,29.07
1788667524,694,29.07
1788667827,666,29.17
1788668130,675,29.07
1788668433,665,29.07
1788668736,700,28.86
1788669039,700,28.65
1788669342,704,28.86
1788669645,666,28.97
1788669949,665,28.76
1788670252,666,28.55
1788670556,687,28.65
1788670859,667,28.97
1788671163,700,28.97
1788671466,664,28.76
1788671770,671,28.76
1788672074,681,28.55
1788672377,665,28.45
1788672681,680,28.65
1788672985,662,28.65
1788673289,694,28.04
1788673593,671,28.24
1788673897,696,28.45
1788674201,664,28.24
1788674505,699,28.76
1788674810,662,28.35
1788675114,671,28.24
1788675418,692,28.45
1788675723,698,28.55
1788676027,670,28.24
1788676332,661,28.35
1788676636,666,27.94
1788676941,664,28.24
1788677246,665,28.24
1788677550,679,28.24
1788677855,665,28.14
1788678160,666,27.73
1788678465,680,27.83
1788678770,671,27.83
1788679075,663,27.83
1788679379,680,27.94
1788679684,671,27.73
1788679989,702,28.04
1788680294,661,27.62
1788680599,701,27.83
1788680905,664,27.83
1788681210,669,27.83
1788681515,670,27.62
1788681821,665,27.52
1788682126,669,28.04
1788682431,669,27.62
1788682737,681,27.62
1788683042,681,27.62
1788683348,666,27.83
1788683653,662,27.52
1788683959,700,27.41
1788684264,677,27.83
1788684570,671,27.21
1788684876,671,27.31
1788685181,666,27.62
1788685487,668,27.52
1788685793,682,27.31
1788686099,664,27.41
1788686404,674,27.52
1788686710,700,27.94
1788687016,666,27.62
1788687322,665,27.11
1788687629,687,27.31
1788687935,668,27.31
1788688241,667,27.52
1788688547,677,27.41
1788688853,690,27.41
1788689160,673,27.52
1788689466,675,27.31
1788689773,667,27.41
1788690079,706,27.31
1788690386,677,27.31
1788690692,662,27.11
1788690999,663,27.21
1788691306,677,27.11
1788691612,691,27.21
1788691919,660,27.21
1788692226,661,27.00
1788692533,696,26.80
1788692840,667,26.59
1788693147,698,26.90
1788693454,660,26.90
1788693762,660,26.90
1788694069,687,27.00
1788694376,662,26.90
1788694683,664,26.70
1788694990,658,26.80
1788695297,664,27.00
1788695604,667,27.11
1788695910,677,27.11
1788695517,677,26.38
1788695911,694,26.49
1788696210,672,26.80
1788696509,681,27.00
1788696809,839,27.31
1788697108,887,27.21
1788697407,903,27.00
1788697707,899,26.80
1788698006,928,26.59
1788698306,877,26.17
1788698606,885,26.08
1788698906,940,26.28
1788699207,881,26.08
1788699507,911,25.77
1788699808,913,25.56
1788700108,941,25.25
1788700409,881,25.25
1788700710,890,24.94
1788701011,891,24.74
1788701312,916,24.84
1788701613,897,24.84
1788701914,888,24.74
1788702216,890,24.74
1788702517,897,24.42
1788702818,885,24.74
1788703120,890,24.74
1788703421,921,24.74
1788703723,893,24.84
1788704024,902,24.53
1788704326,903,24.42
1788704627,970,24.63
1788704929,938,24.84
1788705230,905,24.53
1788705532,954,24.22
1788705833,896,24.74
1788706135,922,24.74
1788706436,941,24.74
1788706738,915,24.63
1788707039,976,24.32
1788707341,931,24.42
1788707642,977,24.53
1788707944,928,25.04
1788708245,936,25.04
1788708547,935,24.74
1788708848,961,24.63
1788709150,910,24.53
1788709451,939,25.15
1788709752,926,24.42
1788710053,917,24.84
1788710354,908,24.32
1788710656,923,24.84
1788710957,925,24.53
1788711258,969,24.74
1788711559,961,24.74
1788711860,952,24.94
1788712161,925,24.63
1788712462,939,24.84
1788712762,915,24.94
1788713063,981,25.15
1788713364,971,24.63
1788713664,927,24.74
1788713965,936,24.94
1788714265,926,25.15
1788714566,930,24.84
1788714866,909,25.04
1788715166,918,24.94
1788715467,948,25.35
1788715767,924,25.15
1788716067,932,25.25
1788716366,987,25.66
1788716666,919,25.56
1788716965,953,26.38
1788717264,934,25.25
1788717563,928,25.35
1788717862,929,25.25
1788718161,944,25.98
1788718460,912,25.56
1788718758,919,26.08
1788719057,936,25.56
1788719355,950,25.77
1788719653,965,26.28
1788719951,962,26.08
1788720249,895,25.87
1788720547,891,26.17
1788720845,917,26.38
1788721143,892,26.49
1788721440,945,26.38
1788721738,905,26.38
1788722035,917,26.38
1788722332,964,26.28
1788722629,945,26.49
1788722926,943,26.49
1788723223,914,26.70
1788723520,956,26.70
1788723816,955,26.70
1788724113,923,26.49
1788724409,921,26.70
1788724706,924,26.59
1788725002,905,27.11
1788725298,955,27.11
1788725594,905,26.80
1788725891,911,27.11
1788726187,932,27.11
1788726482,925,26.70
1788726778,955,27.11
1788727074,892,26.80
1788727370,946,27.21
1788727665,905,27.21
1788727961,890,27.21
1788728256,941,27.41
1788728552,920,26.70
1788728847,915,27.52
1788729142,962,27.21
1788729437,950,27.31
1788729732,893,27.11
1788730028,907,27.62
1788730323,914,27.41
1788730618,923,27.41
1788730913,908,27.21
1788731208,929,27.62
1788731503,934,27.00
1788731797,910,27.31
1788732092,909,27.41
1788732388,915,27.52
1788732682,910,27.31
1788732977,944,27.21
1788733272,930,27.31
1788733567,887,27.41
1788733862,907,27.41
1788734157,920,27.31
1788734452,913,27.21
1788734747,962,27.31
1788735042,939,27.41
1788735337,950,27.31
1788735632,932,27.31
1788735927,894,27.31
1788736222,900,27.11
1788736517,969,27.21
1788736812,900,27.52
1788737107,922,26.90
1788737403,927,27.41
1788737698,915,27.00
1788737994,911,27.11
1788738289,973,27.41
1788738585,887,27.00
1788738880,969,27.11
1788739176,939,26.90
1788739471,896,27.00
1788739767,908,27.00
1788740063,890,26.90
1788740359,969,26.70
1788740655,937,26.59
1788740951,917,26.80
1788741247,942,26.90
1788741544,906,26.17
1788741841,964,25.35
1788742140,928,25.04
1788742439,922,24.74
1788742739,953,24.53
1788743039,887,24.22
1788743340,895,23.60
1788743642,925,24.01
1788743944,954,23.18
1788744247,921,23.08
1788744549,954,23.08
1788744851,896,23.50
1788745152,933,23.50
1788745454,952,23.70
1788745755,887,23.91
1788746055,895,23.91
1788746356,905,23.91
1788746657,950,24.01
1788746957,899,23.91
1788747258,920,24.32
1788747558,962,24.22
1788747859,938,24.11
1788748159,891,24.01
1788748460,913,24.11
1788748760,941,24.01
1788749060,900,23.91
1788749361,959,24.22
1788749661,903,24.11
1788749961,933,24.42
1788750262,946,24.42
1788750562,900,24.22
1788750863,930,24.53
1788751163,944,24.63
1788751463,926,24.63
1788751764,918,24.11
1788752064,887,24.22
1788752365,907,24.74
1788752665,969,24.22
1788752966,933,24.42
1788753266,947,24.74
1788753567,950,24.22
1788753867,900,24.42
1788754168,937,24.53
1788754468,892,24.32
1788754769,919,23.91
1788755070,903,24.32
1788755370,917,24.53
1788755671,909,24.11
1788755972,907,24.42
1788756273,923,24.63
1788756573,928,24.32
1788756874,923,24.32
1788757175,920,24.42
1788757476,888,24.53
1788757777,935,24.42
1788758078,935,24.32
1788758379,920,24.32
1788758680,898,24.32
1788758981,886,24.11
1788759282,960,24.53
1788759583,895,24.22
1788759885,913,24.22
1788760186,901,24.11
1788760487,923,24.01
1788760788,905,24.32
1788761090,901,24.01
1788761391,915,24.22
1788761693,890,24.32
1788761994,939,24.22
1788762296,916,24.01
1788762597,909,24.22
1788762899,928,24.22
1788763201,961,24.01
1788763503,947,24.01
1788763805,919,24.01
1788764107,936,24.01
1788764409,918,23.81
1788764710,911,23.70
1788765012,889,24.22
1788765315,886,24.01
1788765617,876,23.91
1788765919,896,23.81
1788766221,855,24.32
1788766523,871,23.81
1788766826,868,23.81
1788767128,868,23.70
1788767430,844,23.70
1788767733,826,23.91
1788768035,850,23.50
1788768338,825,23.91
1788768640,864,23.60
1788768943,851,23.70
1788769246,859,23.81
1788769549,834,23.81
1788769851,805,23.81
1788770154,836,23.40
1788770457,856,23.60
1788770759,801,23.40
1788771062,803,23.70
1788771365,808,23.40
1788771668,805,23.60
1788771971,869,23.50
1788772275,835,23.50
1788772578,834,23.60
1788772881,804,23.70
1788773184,850,23.50
1788773488,840,23.29
1788773791,827,23.29
1788774095,869,23.18
1788774398,811,23.60
1788774702,818,23.40
1788775005,791,23.50
1788775309,854,23.18
1788775613,839,23.18
1788775916,831,23.08
1788776220,803,23.50
1788776524,800,23.29
1788776828,802,23.40
1788777132,859,23.08
1788777436,842,23.18
1788777740,815,23.08
1788778044,810,22.78
1788778348,866,22.98
1788778652,855,23.29
1788778956,815,22.88
1788779261,833,22.57
1788779565,811,23.18
1788779869,809,22.98
1788780173,800,22.98
1788780477,819,22.98
1788780781,806,23.18
1788781086,846,23.08
1788781390,797,22.78
1788781694,800,23.08
1788781998,800,23.08
1788782350,820,22.98
1788782650,782,23.08
1788782951,810,22.67
1788783251,802,23.18
1788783551,800,22.98
1788783851,778,23.08
1788784152,824,23.18
1788784452,838,22.78
1788784752,812,23.18
1788785053,802,22.78
1788785353,717,23.08
1788785653,728,22.78
1788785954,729,22.98
1788786254,729,23.18
1788786554,726,23.18
1788786854,728,23.18
1788787154,731,23.18
1788787453,724,23.70
1788787753,768,23.40
1788788053,737,23.29
1788788352,730,23.60
1788788652,784,23.50
1788788952,732,23.70
1788789251,757,23.29
1788789551,762,23.50
1788789851,729,23.50
1788790150,771,23.70
1788790450,768,23.50
1788790750,740,23.60
1788791050,772,23.60
1788791349,733,23.18
1788791649,748,23.40
1788791949,731,23.60
1788792248,738,23.29
1788792548,725,23.40
1788792847,728,23.18
1788793147,713,23.29
1788793446,719,23.29
1788793746,719,23.50
1788794045,711,23.08
1788794345,747,23.81
1788794644,756,23.70
1788794943,711,23.60
1788795243,752,23.81
1788795542,731,23.60
1788795841,727,23.81
1788796140,706,23.91
1788796439,702,23.60
1788796738,719,23.81
1788797036,711,23.50
1788797335,753,23.81
1788797634,721,23.81
1788797932,717,23.70
1788798231,722,24.01
1788798529,723,24.11
1788798827,712,24.11
1788799126,727,24.22
1788799424,701,24.01
1788799722,724,24.22
1788800020,708,24.53
1788800317,760,24.01
1788800615,715,24.32
1788800913,710,25.66
1788801210,747,24.32
1788801507,722,24.63
1788801805,745,24.11
1788802102,703,24.63
1788802399,723,24.42
1788802696,762,24.74
1788802993,705,25.04
1788803290,764,24.63
1788803586,702,24.53
1788803883,702,24.94
1788804179,756,24.84
1788804476,707,25.04
1788804772,735,25.04
1788805068,708,25.25
1788805364,714,25.35
1788805659,708,24.94
1788805955,758,25.66
1788806251,733,25.56
1788806546,715,25.77
1788806841,731,25.46
1788807136,712,25.87
1788807431,766,25.77
1788807726,749,25.46
1788808021,706,25.46
1788808315,724,25.77
1788808609,766,26.28
1788808903,719,26.08
1788809197,714,26.17
1788809491,705,26.49
1788809786,710,25.25
1788810081,729,24.74
1788810378,732,24.11
1788810674,745,24.11
1788810971,740,24.01
1788811268,762,23.91
1788811565,709,23.60
1788811863,718,23.29
1788812161,727,23.08
1788812459,719,23.50
1788812757,722,22.78
1788813055,734,23.08
1788813354,705,23.08
1788813653,738,22.88
1788813952,706,22.57
1788814250,715,22.67
1788814549,725,22.57
1788814849,732,22.57
1788815148,720,22.57
1788815448,755,22.36
1788815748,716,22.78
1788816047,701,22.26
1788816348,702,22.05
1788816648,739,22.05
1788816948,731,21.65
1788817249,714,21.65
1788817550,758,21.65
1788817851,705,21.75
1788818152,700,21.33
1788818453,737,21.85
1788818754,758,21.75
1788819056,751,21.23
1788819358,723,21.33
1788819659,716,21.43
1788819961,715,21.43
1788820263,700,21.33
1788820565,698,21.43
1788820868,721,20.81
1788821170,714,20.92
1788821473,727,20.81
1788821775,746,20.61
1788822078,722,20.61
1788822381,717,20.41
1788822684,718,20.61
1788822988,721,20.71
1788823291,701,20.30
1788823595,738,20.71
1788823898,706,20.09
1788824203,716,20.09
1788824507,722,20.20
1788824811,721,20.30
1788825116,701,20.09
1788825421,700,19.89
1788825726,716,19.58
1788826031,756,19.79
1788826336,726,19.68
1788826641,718,20.41
1788826945,702,20.81
1788827248,711,21.12
1788827551,705,21.43
1788827853,712,21.75
1788828155,699,21.33
1788828456,738,21.95
1788828757,724,21.54
1788829058,728,22.46
1788829359,703,22.57
1788829659,701,22.67
1788829959,702,22.36
1788830258,723,22.98
1788830558,721,22.98
1788830857,754,22.88
1788831156,717,23.29
1788831455,702,22.78
1788831754,722,22.98
1788832054,701,23.29
1788832353,723,22.98
1788832652,738,22.98
1788832951,758,23.50
1788833250,751,23.18
1788833549,703,23.50
1788833848,703,22.98
1788834147,719,23.08
1788834446,725,23.40
1788834746,704,23.08
1788835045,717,23.40
1788835344,721,23.91
1788835643,699,23.50
1788835942,710,23.50
1788836241,703,23.40
1788836539,700,23.29
1788836838,739,23.40
1788837137,718,23.70
1788837436,754,23.60
1788837735,704,23.29
1788838034,717,23.40
1788838333,708,23.70
1788838632,709,23.81
1788838931,705,23.50
1788839230,720,23.70
1788839529,723,23.50
1788839828,700,23.40
1788840127,707,23.70
1788840426,700,23.50
1788840725,697,23.81
1788841024,728,23.50
1788841323,727,23.40
1788841622,724,23.08
1788841921,748,23.18
1788842220,748,23.40
1788842519,744,23.29
1788842818,704,23.40
1788843117,739,23.40
1788843417,746,23.08
1788843716,719,23.18
1788844015,702,23.60
1788844314,719,23.18
1788844614,723,23.40
1788844913,715,23.40
1788845212,742,23.40
1788845512,754,23.40
1788845811,703,23.50
1788846110,753,23.40
1788846410,718,23.40
1788846709,721,23.50
1788847008,724,23.08
1788847308,729,23.60
1788847607,718,23.08
1788847907,714,23.29
1788848206,714,23.18
1788848505,723,23.40
1788848805,706,23.60
1788849105,759,23.70
1788849404,745,23.40
1788849704,707,23.08
1788850003,700,23.40
1788850303,758,22.98
1788850603,722,23.81
1788850902,721,23.18
1788851202,754,22.98
1788851502,728,23.70
1788851802,725,22.98
1788852102,719,22.88
1788852402,703,22.98
1788852702,705,23.29
1788853002,722,23.40
1788853301,749,23.08
1788853601,750,23.18
1788853901,705,22.98
1788854202,735,22.88
1788854502,707,22.88
1788854802,751,23.29
1788855102,759,22.98
1788855402,723,22.78
1788855702,731,23.29
1788856003,717,23.50
1788856303,708,23.08
1788856603,740,23.18
1788856903,750,23.18
1788857204,705,22.88
1788857504,716,22.88
1788857804,701,23.08
1788858104,700,22.98
1788858405,715,22.67
1788858705,710,22.88
1788859005,717,22.88
1788859306,752,22.98
1788859606,727,22.78
1788859907,711,22.98
1788860207,698,22.67
1788860508,703,22.98
1788860808,727,22.98
1788861109,731,22.78
1788861410,717,22.88
1788861710,723,22.98
1788862011,714,22.88
1788862312,700,22.78
1788862613,741,22.78
1788862914,714,22.67
1788863215,705,22.36
1788863516,707,22.78
1788863817,715,22.67
1788864117,706,22.98
1788864418,703,22.67
1788864718,705,22.88
1788865019,717,23.18
1788865319,746,22.88
1788865619,753,23.40
1788865920,743,22.88
1788866220,752,22.88
1788866520,763,22.98
1788866820,724,23.29
1788867120,754,23.29
1788867420,751,22.98
1788867719,715,23.29
1788868019,713,23.40
1788868319,759,23.18
1788868771,700,23.29
1788869071,715,23.08
1788869371,716,23.40
1788869672,704,23.29
1788869972,756,23.40
1788870273,703,23.08
1788870573,754,23.08
1788870874,701,23.08
1788871175,697,23.40
1788871476,720,22.67
1788871776,704,22.78
1788872077,708,22.88
1788872378,706,22.88
1788872679,712,22.98
1788872980,708,22.78
1788873280,703,22.78
1788873581,701,22.78
1788873882,715,22.98
1788874182,705,22.98
1788874483,720,22.78
1788874783,706,23.18
1788875084,699,22.88
1788875384,721,23.18
1788875684,710,23.29
1788875984,732,22.98
1788876284,728,23.18
1788876584,703,23.18
1788876885,752,22.88
1788877185,694,23.18
1788877485,721,23.18
1788877786,721,23.60
1788878086,741,22.88
1788878387,717,23.18
1788878687,714,23.18
1788878988,711,23.40
1788879288,731,23.29
1788879588,708,23.50
1788879889,721,23.08
1788880189,727,23.18
1788880490,706,23.18
1788880790,727,23.18
1788881090,701,23.40
1788881390,731,23.40
1788881690,715,23.40
1788881990,722,23.08
1788882290,735,23.40
1788882590,726,23.60
1788882890,718,23.50
1788883190,706,23.60
1788883490,701,23.60
1788883789,715,23.60
1788884089,721,23.50
1788884388,718,23.60
1788884688,723,24.32
1788884987,728,24.01
1788885286,749,24.01
1788885585,749,23.91
1788885884,713,24.22
1788886183,752,24.32
1788886481,702,24.32
1788886779,754,24.53
1788887078,763,24.22
1788887376,703,23.81
1788887674,710,24.74
1788887972,763,24.42
1788888270,754,24.63
1788888567,730,24.84
1788888865,728,24.84
1788889162,743,24.94
1788889460,727,24.94
1788889757,725,24.84
1788890054,750,25.15
1788890351,716,25.04
1788890648,728,25.25
1788890945,739,25.25
1788891242,741,25.15
1788891538,719,25.15
1788891835,758,25.35
1788892131,753,25.87
1788892427,742,25.66
1788892723,695,25.66
1788893019,726,25.46
1788893315,698,26.08
1788893611,736,25.66
1788893906,705,25.66
1788894201,739,26.28
1788894497,724,25.77
1788894792,716,26.17
1788895087,716,25.98
1788895381,707,26.28
1788895676,724,26.28
1788895970,717,26.49
1788896264,728,26.59
1788896558,753,26.90
1788896852,748,26.90
1788897145,763,26.90
1788897438,740,27.00
1788897731,756,27.31
1788898023,709,27.41
1788898316,702,27.41
1788898608,721,27.11
1788898900,699,27.52
1788899192,711,27.94
1788899484,729,27.73
1788899776,719,27.73
1788900067,768,27.94
1788900358,723,27.94
1788900650,707,28.04
1788900941,706,28.14
1788901232,750,28.35
1788901523,707,28.24
1788901814,719,28.04
1788902105,761,28.24
1788902396,704,27.21
1788902689,704,26.59
1788902982,696,26.08
1788903275,715,25.66
1788903570,702,25.15
1788903864,718,25.15
1788904160,716,24.74
1788904455,695,24.63
1788904751,695,24.42
1788905047,719,24.42
1788905344,710,24.11
1788905641,694,24.22
1788905938,749,24.22
1788906235,723,23.70
1788906533,697,23.81
1788906830,723,24.01
1788907128,720,23.70
1788907425,705,23.81
1788907722,742,24.42
1788908019,710,24.94
1788908315,733,24.53
1788908611,727,23.91
1788908908,725,23.81
1788909206,703,23.81
1788909503,699,23.60
1788909801,718,23.40
1788910100,743,23.18
1788910398,728,23.50
1788910697,750,23.60
1788910996,715,23.60
1788911295,706,23.29
1788911594,719,22.88
1788911893,716,23.18
1788912192,735,23.70
1788912490,719,24.11
1788912788,710,23.81
1788913086,723,24.01
1788913383,697,24.22
1788913680,698,24.63
1788913977,702,24.74
1788914274,715,24.63
1788914571,691,24.63
1788914867,716,24.84
1788915164,701,25.15
1788915461,754,25.04
1788915757,726,24.84
1788916053,706,25.04
1788916350,716,24.84
1788916646,702,25.04
1788916943,714,25.35
1788917239,740,24.94
1788917535,732,25.04
1788917831,700,25.15
1788918128,701,25.46
1788918424,724,25.35
1788918720,721,25.46
1788919016,702,25.66
1788919312,710,25.35
1788919608,706,25.35
1788919904,700,25.77
1788920200,703,25.46
1788920495,754,25.87
1788920791,723,26.28
1788921087,746,25.56
1788921382,724,25.87
1788921678,719,25.66
1788921974,700,25.98
1788922269,706,26.17
1788922565,742,25.56
1788922861,731,26.17
1788923156,700,25.98
1788923452,743,26.17
1788923748,699,26.08
1788924043,741,26.17
1788924339,709,25.98
1788924634,706,25.87
1788924930,713,25.98
1788925226,740,25.98
1788925522,712,26.28
1788925817,708,26.17
1788926113,700,26.49
1788926408,703,25.87
1788926704,752,26.17
1788927000,740,26.38
1788927295,704,25.98
1788927591,702,26.38
1788927887,698,26.17
1788928183,722,26.08
1788928478,697,25.98
1788928774,693,25.98
1788929070,711,25.98
1788929366,726,26.59
1788929662,711,25.98
1788929957,706,26.38
1788930253,697,26.28
1788930549,718,26.38
1788930845,727,26.17
1788931141,760,26.38
1788931437,728,25.98
1788931733,731,26.08
1788932029,762,26.28
1788932325,742,25.87
1788932621,700,25.98
1788932917,747,26.08
1788933213,695,26.17
1788933509,752,26.17
1788933805,715,26.17
1788934101,712,26.28
1788934398,699,26.28
1788934694,732,26.38
1788934990,728,26.08
1788935286,702,26.28
1788935582,702,25.77
1788935878,751,26.08
1788936175,755,26.08
1788936471,761,25.77
1788936767,716,25.77
1788937063,702,25.98
1788937360,758,26.38
1788937656,759,26.17
1788937952,702,26.08
1788938249,744,26.49
1788938545,750,25.77
1788938842,701,26.08
1788939138,697,26.08
1788939434,715,26.08
1788939731,712,25.87
1788940027,708,26.38
1788940324,697,26.17
1788940620,702,26.08
1788940917,752,26.28
1788941213,750,25.87
1788941509,702,25.87
1788941806,696,25.87
1788942103,692,25.98
1788942399,728,26.17
1788942696,765,25.87
1788942993,721,25.87
1788943289,716,25.66
1788943586,742,25.66
1788943883,751,25.98
1788944179,713,25.66
1788944476,750,26.17
1788944773,711,25.66
1788945070,720,25.87
1788945366,699,25.56
1788945663,735,25.77
1788945960,757,25.87
1788946257,712,25.98
1788946554,742,25.77
1788946851,749,25.56
1788947147,758,26.17
1788947444,726,25.77
1788947741,744,25.66
1788948038,719,26.08
1788948335,712,26.08
1788948632,690,25.98
1788948929,739,25.66
1788949225,712,25.46
1788949522,700,25.66
1788949819,713,26.38
1788950116,727,25.77
1788950413,719,25.77
1788950710,699,25.56
1788951007,715,25.77
1788951304,757,25.87
1788951601,749,25.87
1788951898,757,25.46
1788952195,714,25.77
1788952492,749,26.17
1788952789,699,26.08
1788953085,715,26.28
1788953382,717,26.59
1788953678,705,26.08
1788953974,747,26.08
1788955185,745,26.08
1788955486,763,26.17
1788955786,705,26.08
1788956086,696,26.08
1788956387,750,26.17
1788956687,713,26.28
1788956987,751,26.28
1788957288,723,25.87
1788957589,705,26.17
1788957889,741,26.17
1788958190,763,25.87
1788958490,709,26.17
1788958791,704,26.28
1788959091,708,25.98
1788959391,703,26.28
1788959691,714,26.90
1788959991,706,26.59
1788960291,762,26.38
1788960591,767,26.38
1788960891,751,26.49
1788961191,759,26.49
1788961491,762,26.49
1788961791,718,26.70
1788962091,701,26.90
1788962391,705,26.59
1788962691,707,26.49
1788962991,722,26.59
1788963291,707,26.49
1788963590,755,26.59
1788963890,718,26.80
1788964189,758,27.11
1788964488,718,26.90
1788964787,768,27.00
1788965086,757,27.00
1788965385,758,26.80
1788965684,750,27.00
1788965983,722,27.21
1788966282,722,27.11
1788966581,713,27.62
1788966880,708,27.21
1788967178,747,27.11
1788967477,744,27.41
1788967775,720,27.31
1788968074,700,27.11
1788968372,716,27.31
1788968671,702,27.73
1788968969,706,27.41
1788969268,725,27.11
1788969567,733,27.52
1788969865,704,27.52
1788970164,716,27.21
1788970463,696,27.52
1788970762,719,27.21
1788971060,730,27.52
1788971359,699,27.41
1788971658,715,27.11
1788971957,706,27.73
1788972255,757,27.31
1788972554,753,27.41
1788972852,706,27.73
1788973150,700,27.73
1788973449,706,27.73
1788973747,755,27.94
1788974045,727,27.52
1788974343,740,27.73
1788974641,761,27.73
1788974939,726,27.94
1788975237,752,27.94
1788975535,758,27.52
1788975833,750,26.70
1788976133,731,26.28
1788976432,720,25.77
1788976732,726,25.77
1788977033,751,25.35
1788977334,724,25.04
1788977635,734,24.94
1788977937,706,24.63
1788978239,715,24.84
1788978541,716,24.63
1788978844,747,24.63
1788979146,706,24.32
1788979449,704,24.11
1788979751,702,24.11
1788980054,708,24.32
1788980357,702,24.32
1788980660,705,24.11
1788980963,734,24.22
1788981267,728,23.91
1788981570,715,23.60
1788981874,748,24.32
1788982178,743,23.91
1788982482,701,23.91
1788982786,705,23.91
1788983090,733,23.50
1788983394,729,23.70
1788983699,723,23.60
1788984003,730,23.29
1788984308,720,23.08
1788984612,720,23.29
1788984917,693,23.50
1788985220,714,24.32
1788985524,699,24.94
1788985826,739,25.25
1788986128,710,26.08
1788986429,746,26.28
1788986730,710,25.98
1788987031,697,26.59
1788987330,725,26.70
1788987630,715,27.00
1788987929,695,26.90
1788988228,714,27.52
1788988527,720,27.41
1788988826,715,27.62
1788989124,708,27.62
1788989422,703,28.04
1788989720,705,27.62
1788990018,750,28.04
1788990315,735,28.14
1788990613,707,27.94
1788990910,724,28.14
1788991207,703,28.35
1788991504,717,28.14
1788991802,707,28.24
1788992099,715,28.24
1788992396,721,28.04
1788992693,717,28.35
1788992991,717,28.24
1788993288,706,28.14
1788993585,695,28.04
1788993882,701,28.45
1788994179,736,28.35
1788994475,716,28.24
1788994772,714,28.04
1788995069,725,28.35
1788995366,700,28.45
1788995663,713,28.24
1788995960,701,28.14
1788996257,720,28.24
1788996554,750,28.35
1788996850,699,28.35
1788997147,743,28.14
1788997444,713,28.35
1788997741,721,28.24
1788998038,728,28.24
1788998334,748,28.24
1788998631,713,28.24
1788998928,701,28.14
1788999225,740,28.24
1788999522,702,28.14
1788999818,747,28.14
1789000115,728,28.14
1789000412,716,28.65
1789000709,700,28.45
1789001006,714,28.24
1789001302,715,28.35
1789001599,731,28.45
1789001896,723,28.14
1789002193,723,28.04
1789002490,748,28.24
1789002787,723,27.94
1789003084,709,27.73
1789003381,712,27.94
1789003679,704,28.04
1789003976,748,28.04
1789004273,743,27.94
1789004571,701,27.94
1789004868,701,27.94
1789005166,695,27.73
1789005463,758,28.04
1789005761,736,27.94
1789006058,700,28.04
1789006356,701,28.24
1789006654,719,27.62
1789006951,699,27.73
1789007249,750,27.73
1789007547,704,28.04
1789007845,710,27.94
1789008142,744,27.94
1789008440,746,28.14
1789008738,739,27.94
1789009036,716,27.94
1789009334,716,27.62
1789009632,712,27.73
1789009929,734,27.73
1789010227,737,27.62
1789010525,740,27.83
1789010823,712,27.73
1789011121,715,27.73
1789011419,712,27.62
1789011717,703,27.62
1789012015,713,27.73
1789012313,746,27.73
1789012612,703,27.21
1789012910,713,27.52
1789013208,714,27.73
1789013506,721,27.62
1789013804,699,27.31
1789014102,728,27.73
1789014401,711,27.21
1789014699,743,27.21
1789014997,755,27.41
1789015295,713,27.31
1789015593,718,27.52
1789015892,694,27.31
1789016190,727,27.73
1789016489,746,27.52
1789016787,737,27.62
1789017086,697,27.41
1789017384,707,27.52
1789017683,756,27.41
1789017982,693,27.41
1789018280,711,27.11
1789018579,712,27.31
1789018878,713,27.11
1789019176,740,27.52
1789019475,723,27.21
1789019774,719,26.90
1789020073,703,27.11
1789020372,722,27.21
1789020671,699,27.00
1789020969,737,27.21
1789021268,735,27.62
1789021567,702,26.90
1789021866,742,27.21
1789022165,715,27.11
1789022464,742,27.11
1789022763,732,27.00
1789023063,719,27.11
1789023362,703,27.31
1789023661,714,27.21
1789023960,711,27.31
1789024259,699,27.31
1789024558,723,27.21
1789024858,717,26.49
1789025157,712,27.00
1789025457,712,27.11
1789025756,701,27.00
1789026056,705,26.90
1789026355,758,26.70
1789026655,747,26.70
1789026954,723,27.00
1789027254,734,26.90
1789027554,718,26.80
1789027853,728,26.80
1789028153,697,26.80
1789028453,757,26.70
1789028753,721,26.59
1789029053,742,26.38
1789029353,736,26.38
1789029653,748,26.80
1789029953,753,26.70
1789030253,725,26.70
1789030553,754,26.49
1789030853,750,26.28
1789031153,744,26.59
1789031453,734,26.80
1789031753,752,26.90
1789032054,699,26.17
1789032354,692,26.49
1789032654,720,26.49
1789032955,708,26.38
1789033255,761,26.70
1789033555,698,26.17
1789033856,761,26.59
1789034156,698,26.59
1789034457,708,26.38
1789034757,696,26.08
1789035058,731,26.28
1789035358,691,26.38
1789035659,719,25.98
1789035959,689,26.28
1789036260,713,25.98
1789036561,756,26.28
1789036862,752,26.08
1789037162,729,26.49
1789037463,719,26.38
1789037763,711,26.49
1789038063,726,26.70
1789038363,700,26.70
1789038663,715,26.70
1789038963,707,27.11
1789039263,691,26.59
1789039563,754,27.11
1789039862,700,26.90
1789040162,714,26.49
1789040461,718,26.49
1789040761,713,27.00
1789041061,738,26.80
1789041604,750,26.80
1789041904,706,26.70
1789042205,712,26.70
1789042505,732,26.38
1789042805,747,26.80
1789043106,710,26.49
1789043407,757,26.59
1789043707,691,26.59
1789044008,691,26.28
1789044309,730,26.17
1789044610,698,26.28
1789044910,721,26.28
1789045211,716,26.59
1789045512,723,26.28
1789045813,696,26.80
1789046114,718,26.70
1789046415,723,26.38
1789046715,691,26.70
1789047016,732,26.70
1789047317,705,25.77
1789047618,723,26.38
1789047918,737,26.38
1789048219,723,27.11
1789048520,733,26.59
1789048820,736,26.17
1789049121,709,26.70
1789049421,749,26.80
1789049722,713,26.90
1789050023,714,26.80
1789050323,754,26.08
1789050624,735,26.90
1789050925,750,26.70
1789051226,713,27.11
1789051526,696,26.49
1789051827,717,26.70
1789052128,753,26.59
1789052428,710,26.90
1789052729,697,27.11
1789053029,698,26.59
1789053329,737,26.70
1789053630,721,26.90
1789053930,739,26.59
1789054230,709,27.11
1789054530,708,27.11
1789054830,702,27.31
1789055130,697,27.21
1789055429,737,27.11
1789055729,695,27.11
1789056028,711,27.11
1789056328,729,27.41
1789056627,716,27.31
1789056927,746,27.21
1789057226,739,27.41
1789057525,712,27.31
1789057825,698,27.62
1789058124,707,27.41
1789058423,750,27.62
1789058722,697,27.73
1789059021,751,27.31
1789059320,712,27.73
1789059619,706,27.73
1789059918,735,27.62
1789060217,691,27.41
1789060516,697,27.52
1789060815,688,27.73
1789061113,710,27.83
1789061412,710,27.83
1789061711,754,27.73
1789062009,699,28.04
1789062308,708,27.62
1789062606,697,27.62
1789062905,705,27.41
1789063203,700,28.04
1789063501,710,28.04
1789063799,728,27.94
1789064098,752,28.35
1789064396,709,28.14
1789064694,709,28.14
1789064992,750,28.04
1789065291,708,28.24
1789065589,701,28.14
1789065887,694,27.73
1789066185,709,28.14
1789066483,717,28.24
1789066781,695,28.35
1789067079,703,28.14
1789067377,732,28.24
1789067675,698,28.04
1789067973,739,28.35
1789068271,747,28.04
1789068569,699,28.24
1789068867,695,28.35
1789069165,711,28.14
1789069463,697,28.35
1789069761,761,28.24
1789070058,718,28.04
1789070356,715,28.24
1789070653,716,28.35
1789070951,691,28.45
1789071249,752,28.55
1789071546,712,28.35
1789071844,693,28.35
1789072141,691,28.45
1789072439,713,28.45
1789072736,701,28.86
1789073034,700,28.35
1789073331,701,28.65
1789073628,695,28.55
1789073926,719,28.86
1789074223,726,28.86
1789074520,717,28.76
1789074817,696,28.35
1789075115,728,27.73
1789075413,719,27.41
1789075713,699,27.00
1789076012,768,27.00
1789076313,789,26.08
1789076614,838,25.66
1789076915,882,25.04
1789077218,854,24.63
1789077520,859,24.32
1789077824,888,24.42
1789078127,875,23.91
1789078431,885,23.70
1789078735,862,23.50
1789079040,845,22.98
1789079345,848,23.29
1789079649,882,23.50
1789079952,903,23.70
1789080256,875,23.50
1789080559,881,23.60
1789080862,879,23.81
1789081165,868,24.01
1789081467,872,24.01
1789081770,880,23.81
1789082072,845,23.60
1789082375,869,23.81
1789082677,907,23.81
1789082980,852,23.81
1789083282,844,23.50
1789083585,896,24.22
1789083887,852,24.11
1789084190,869,24.01
1789084492,834,24.11
1789084794,905,23.60
1789085096,846,23.70
1789085399,863,23.91
1789085701,919,24.01
1789086003,896,24.11
1789086305,876,24.11
1789086607,905,24.01
1789086909,904,24.11
1789087212,884,23.91
1789087514,872,24.11
1789087816,843,24.22
1789088118,901,24.01
1789088420,869,24.11
1789088722,878,24.01
1789089024,898,24.11
1789089326,887,24.01
1789089628,855,24.01
1789089931,868,24.11
1789090233,841,24.11
1789090535,892,24.01
1789090837,847,24.11
1789091140,845,24.01
1789091442,886,24.22
1789091744,853,24.01
1789092047,867,24.11
1789092349,851,24.01
1789092651,874,24.32
1789092953,879,24.42
1789093255,917,24.22
1789093557,865,24.01
1789093860,907,24.11
1789094162,871,24.11
1789094464,897,24.22
1789094766,842,24.32
1789095069,856,24.32
1789095371,895,24.22
1789095673,849,24.22
1789095975,848,24.11
1789096277,838,24.11
1789096580,862,24.22
1789096882,848,24.01
1789097184,877,24.42
1789097486,883,24.01
1789097788,882,24.32
1789098091,847,24.32
1789098393,897,24.22
1789098695,857,24.22
1789098997,836,24.42
1789099300,851,24.32
1789099602,879,24.32
1789099904,845,23.81
1789100207,887,24.01
1789100509,847,24.11
1789100811,853,24.01
1789101114,867,23.81
1789101416,843,24.42
1789101718,852,24.11
1789102021,879,24.32
1789102323,868,24.22
1789102626,888,23.70
1789102929,909,24.11
1789103231,877,24.01
1789103534,877,23.91
1789103837,834,23.91
1789104140,841,23.91
1789104442,877,24.32
1789104745,900,23.91
1789105048,849,24.01
1789105351,873,23.91
1789105654,907,23.50
1789105957,886,23.91
1789106260,876,24.01
1789106563,861,23.91
1789106866,841,24.01
1789107169,910,23.81
1789107472,881,24.11
1789107775,891,24.11
1789108079,848,23.70
1789108382,848,23.81
1789108685,865,23.40
1789108988,841,23.70
1789109292,882,23.60
1789109595,862,24.11
1789109898,837,23.60
1789110202,845,23.81
1789110505,822,23.91
1789110809,858,23.60
1789111112,886,23.40
1789111416,847,23.60
1789111720,874,23.70
1789112024,828,23.50
1789112327,830,23.40
1789112631,835,23.60
1789112935,828,23.60
1789113239,830,23.50
1789113543,802,23.70
1789113847,801,23.70
1789114151,812,23.40
1789114455,777,23.70
1789114759,782,23.60
1789115063,782,23.50
1789115368,812,23.29
1789115672,764,23.60
1789115976,790,23.60
1789116281,799,23.40
1789116585,777,23.40
1789116890,778,23.60
1789117194,762,23.50
1789117499,749,23.29
1789117803,778,23.18
1789118108,791,23.18
1789118413,775,23.29
1789118718,747,23.18
1789119022,762,23.29
1789119327,742,22.98
1789119632,748,23.81
1789119937,744,23.18
1789120242,798,23.08
1789120547,797,23.29
1789120852,759,22.88
1789121157,746,22.88
1789121462,751,23.18
1789121767,744,23.08
1789122073,765,22.88
1789122378,806,22.98
1789122683,750,23.18
1789122988,756,23.08
1789123293,755,22.67
1789123599,780,23.08
1789123904,768,23.08
1789124209,755,23.29
1789124514,797,23.08
1789124819,760,22.78
1789125124,747,22.88
1789125429,759,23.18
1789125733,751,23.50
1789126038,783,23.18
1789126342,784,22.98
1789126646,761,23.29
1789126950,809,23.40
1789127255,745,23.40
1789127559,758,23.29
1789127863,746,23.08
1789128167,744,23.60
1789128020,784,23.18
1789128320,757,23.18
1789128621,763,23.50
1789128921,815,23.18
1789129222,771,23.18
1789129523,754,23.08
1789129824,759,23.18
1789130125,751,22.98
1789130426,750,23.18
1789130727,755,23.40
1789131028,773,22.88
1789131330,754,22.98
1789131631,797,22.98
1789131933,746,23.08
1789132234,765,22.78
1789132536,749,22.78
1789132837,759,22.98
1789133139,767,22.78
1789133440,741,22.98
1789133742,754,22.98
1789134043,780,23.18
1789134344,772,23.18
1789134645,796,23.29
1789134946,802,22.88
1789135247,754,23.08
1789135549,743,22.78
1789135850,805,23.08
1789136151,785,22.98
1789136452,771,22.78
1789136754,756,23.29
1789137055,773,22.78
1789137356,808,23.08
1789137657,813,22.98
1789137958,748,22.88
1789138260,791,22.98
1789138561,780,22.98
1789138862,801,22.98
1789139163,754,23.08
1789139464,758,23.29
1789139765,798,23.18
1789140066,802,23.18
1789140367,763,22.98
1789140668,795,23.40
1789140969,746,22.98
1789141269,791,22.88
1789141570,738,23.18
1789141871,746,23.18
1789142171,756,23.08
1789142472,777,23.29
1789142772,766,23.60
1789143072,743,23.60
1789143372,756,23.60
1789143672,762,24.01
1789143972,744,23.81
1789144272,756,24.01
1789144571,770,24.11
1789144871,753,24.01
1789145170,783,24.22
1789145469,804,24.32
1789145767,750,24.42
1789146066,757,24.63
1789146365,756,24.74
1789146663,799,24.63
1789146962,803,24.63
1789147260,799,25.04
1789147558,749,24.74
1789147856,751,24.94
1789148154,754,24.94
1789148451,767,25.15
1789148748,741,25.25
1789149046,740,25.15
1789149343,765,25.46
1789149640,760,25.15
1789149937,757,25.56
1789150233,786,25.35
1789150530,742,25.25
1789150826,744,25.66
1789151122,742,25.66
1789151418,756,25.56
1789151714,743,25.87
1789152010,757,25.87
1789152305,772,25.77
1789152601,802,25.66
1789152896,762,26.17
1789153191,783,26.49
1789153485,743,26.80
1789153780,762,26.59
1789154074,745,26.70
1789154368,754,26.70
1789154662,788,26.59
1789154956,773,26.80
1789155249,764,26.90
1789155542,762,27.21
1789155836,816,27.11
1789156129,785,26.70
1789156422,792,26.80
1789156716,741,25.77
1789157011,753,25.04
1789157306,738,24.53
1789157602,760,24.63
1789157899,769,24.32
1789158196,743,24.11
1789158493,772,23.70
1789158791,773,23.81
1789159089,768,23.60
1789159387,764,23.50
1789159686,783,23.08
1789159985,765,22.88
1789160283,765,22.98
1789160583,773,22.67
1789160882,750,22.78
1789161181,780,22.78
1789161480,778,23.08
1789161778,758,23.40
1789162076,757,23.91
1789162373,766,24.01
1789162670,766,24.22
1789162967,752,24.22
1789163263,753,24.11
1789163559,738,24.74
1789163855,739,24.53
1789164151,800,24.74
1789164447,747,24.74
1789164743,758,24.94
1789165038,773,25.25
1789165333,742,25.15
1789165629,760,25.46
1789165924,756,25.56
1789166219,797,25.04
1789166514,793,25.87
1789166809,748,25.04
1789167104,756,25.35
1789167398,748,25.66
1789167693,754,25.66
1789167988,758,25.66
1789168282,764,25.66
1789168577,805,25.46
1789168871,752,25.56
1789169166,771,25.66
1789169461,741,26.08
1789169755,806,25.87
1789170050,770,26.08
1789170344,741,25.66
1789170639,751,26.08
1789170933,757,25.77
1789171228,756,25.98
1789171522,743,26.38
1789171816,783,25.77
1789172111,774,26.08
1789172405,810,26.08
1789172700,754,26.08
1789172994,770,25.46
1789173289,742,25.77
1789173583,796,26.28
1789173878,766,26.28
1789174172,766,25.77
1789174467,769,26.17
1789174762,762,25.87
1789175056,767,26.17
1789175351,759,25.87
1789175645,742,25.98
1789175940,769,26.38
1789176234,790,26.17
1789176529,754,26.17
1789176824,748,26.08
1789177118,738,25.87
1789177413,760,26.17
1789177707,804,26.17
1789178002,752,26.28
1789178297,772,25.98
1789178591,746,26.28
1789178886,761,25.87
1789179181,739,26.08
1789179475,754,26.08
1789179770,798,25.66
1789180065,776,26.08
1789180360,801,25.77
1789180654,807,25.98
1789180949,763,25.66
1789181244,762,25.56
1789181539,793,25.77
1789181834,785,25.87
1789182130,747,25.77
1789182425,773,25.77
1789182720,795,25.56
1789183015,759,25.56
1789183311,746,25.15
1789183607,764,25.15
1789183902,746,25.66
1789184198,762,25.15
1789184494,759,25.15
1789184790,764,25.56
1789185086,769,25.25
1789185382,754,24.84
1789185678,787,25.15
1789185975,773,25.04
1789186271,753,24.84
1789186567,765,25.15
1789186863,751,24.74
1789187160,748,24.94
1789187456,753,24.94
1789187753,749,24.84
1789188050,761,24.74
1789188346,801,24.84
1789188643,754,24.74
1789188939,746,24.42
1789189236,754,25.15
1789189533,754,24.74
1789189829,779,24.74
1789190126,768,24.84
1789190423,756,25.15
1789190720,752,24.74
1789191017,796,24.94
1789191313,789,24.94
1789191610,774,24.74
1789191908,754,24.74
1789192205,755,24.53
1789192502,770,24.74
1789192799,801,24.84
1789193096,764,24.42
1789193393,775,24.94
1789193690,763,24.53
1789193987,764,24.84
1789194285,754,24.42
1789194582,751,24.63
1789194879,769,24.53
1789195177,763,24.42
1789195474,772,24.74
1789195771,764,24.63
1789196069,752,24.42
1789196366,761,24.53
1789196664,767,24.53
1789196961,786,24.63
1789197259,764,24.53
1789197556,768,24.74
1789197854,787,24.53
1789198151,741,24.11
1789198449,806,24.42
1789198747,806,24.53
1789199044,759,24.53
1789199342,799,24.42
1789199640,787,24.63
1789199938,761,24.63
1789200236,804,24.42
1789200533,798,24.53
1789200831,762,24.42
1789201129,765,24.01
1789201427,739,24.22
1789201725,751,24.42
1789202023,786,24.32
1789202321,739,24.32
1789202619,761,24.22
1789202917,802,24.01
1789203215,749,24.11
1789203513,745,24.42
1789203811,747,24.22
1789204109,759,24.11
1789204407,793,24.42
1789204705,752,24.42
1789205003,764,24.32
1789205301,761,24.01
1789205599,762,24.42
1789205898,754,24.32
1789206196,757,24.22
1789206494,761,24.22
1789206793,750,24.22
1789207091,792,24.22
1789207389,772,23.91
1789207688,768,23.91
1789207987,752,24.32
1789208285,751,23.91
1789208584,738,24.22
1789208882,780,24.32
1789209181,786,23.81
1789209479,783,24.22
1789209778,768,24.01
1789210076,746,24.22
1789210375,753,24.11
1789210674,761,24.32
1789210972,793,24.11
1789211271,774,24.11
1789211569,796,23.81
1789211868,746,24.32
1789212166,745,24.11
1789212465,753,24.32
1789212763,757,24.63
1789213061,766,23.91
1789213360,749,24.11
1789214438,743,24.32
1789214738,742,24.42
1789215038,756,24.22
1789215339,773,24.22
1789215639,756,24.32
1789215939,751,24.22
1789216239,802,24.11
1789216539,742,24.42
1789216839,746,24.63
1789217139,762,24.01
1789217439,745,24.53
1789217739,778,24.42
1789218039,773,24.32
1789218338,741,24.42
1789218638,766,24.94
1789218937,749,24.42
1789219236,741,24.11
1789219535,756,24.32
1789219834,755,24.53
1789220133,744,24.84
1789220432,754,24.32
1789220731,757,24.22
1789221030,786,24.42
1789221329,745,24.32
1789221629,743,24.32
1789221928,808,24.53
1789222227,764,24.42
1789222527,747,24.22
1789222826,767,24.22
1789223125,744,24.42
1789223425,770,24.11
1789223724,778,24.53
1789224023,749,24.53
1789224323,783,24.42
1789224622,771,24.42
1789224922,773,24.84
1789225221,766,24.63
1789225520,763,24.63
1789225820,790,24.42
1789226119,745,24.74
1789226419,751,24.22
1789226718,810,24.84
1789227017,756,24.63
1789227317,770,24.84
1789227616,756,24.53
1789227915,746,24.63
1789228215,776,24.42
1789228514,808,24.11
1789228813,763,24.53
1789229112,771,24.42
1789229411,768,24.74
1789229711,796,25.04
1789230010,741,24.63
1789230309,790,24.84
1789230608,751,25.04
1789230907,781,24.84
1789231206,769,24.84
1789231505,792,24.94
1789231804,744,24.74
1789232103,767,24.63
1789232402,779,24.63
1789232701,811,24.74
1789232999,736,24.42
1789233298,741,25.04
1789233597,747,24.32
1789233896,750,24.74
1789234195,753,25.04
1789234494,755,24.94
1789234792,758,25.04
1789235091,786,25.04
1789235390,783,24.94
1789235689,744,25.04
1789235987,767,24.94
1789236286,746,24.84
1789236584,742,24.94
1789236883,748,25.04
1789237181,744,25.25
1789237480,741,24.84
1789237778,758,25.15
1789238076,784,25.46
1789238374,807,25.56
1789238673,747,25.04
1789238971,757,25.56
1789239269,744,25.25
1789239566,771,25.46
1789239864,808,25.46
1789240162,744,25.56
1789240460,754,25.98
1789240758,811,25.66
1789241055,756,25.25
1789241353,747,25.87
1789241650,757,26.08
1789241947,755,26.17
1789242244,776,26.08
1789242541,763,26.08
1789242838,737,26.28
1789243135,761,26.08
1789243431,743,26.59
1789243728,750,26.70
1789244024,741,26.80
1789244320,757,26.59
1789244616,771,26.70
1789244912,745,26.38
1789245208,762,26.90
1789245504,749,27.21
1789245799,770,27.00
1789246094,759,27.21
1789246390,774,27.21
1789246685,749,27.00
1789246980,792,26.70
1789247275,772,27.31
1789247571,746,27.21
1789247866,744,27.11
1789248161,799,27.11
1789248456,760,27.00
1789248751,777,27.41
1789249045,740,27.31
1789249340,804,27.21
1789249635,805,27.00
1789249930,807,27.11
1789250224,748,27.52
1789250519,778,27.62
1789250813,802,27.52
1789251108,806,27.41
1789251402,760,27.52
1789251696,741,27.73
1789251991,793,27.94
1789252285,768,27.62
1789252579,787,27.52
1789252874,757,27.62
1789253168,782,27.52
1789253462,749,27.41
1789253756,752,28.04
1789254050,745,27.83
1789254344,754,27.73
1789254638,776,27.73
1789254933,762,27.73
1789255227,800,28.14
1789255521,758,27.41
1789255815,759,27.52
1789256110,743,27.41
1789256404,755,27.41
1789256698,739,27.52
1789256993,801,27.41
1789257287,789,27.62
1789257581,806,27.83
1789257876,745,27.62
1789258170,799,27.52
1789258464,806,27.62
1789258759,756,27.62
1789259053,776,27.73
1789259348,802,27.52
1789259642,753,27.41
1789259937,739,27.62
1789260232,797,27.62
1789260527,755,27.83
1789260821,748,27.31
1789261116,743,27.52
1789261411,755,27.73
1789261706,793,27.31
1789262001,756,27.52
1789262296,755,27.31
1789262591,755,27.62
1789262886,742,27.52
1789263181,742,27.11
1789263477,771,27.31
1789263772,768,27.52
1789264067,800,27.41
1789264362,755,27.62
1789264657,754,27.21
1789264952,741,27.62
1789265248,776,27.31
1789265543,754,27.41
1789265838,794,27.52
1789266133,745,27.21
1789266428,773,27.62
1789266723,806,27.73
1789267018,754,27.62
1789267313,760,27.73
1789267608,796,27.41
1789267903,772,27.73
1789268199,807,27.73
1789268494,759,27.52
1789268789,790,27.62
1789269084,793,27.73
1789269379,794,27.52
1789269675,769,27.31
1789269970,763,27.73
1789270265,770,27.94
1789270561,762,27.41
1789270856,743,27.52
1789271151,768,27.62
1789271447,791,27.62
1789271742,744,27.31
1789272038,742,27.62
1789272333,754,27.31
1789272629,755,27.41
1789272924,797,27.73
1789273220,757,27.73
1789273515,799,27.21
1789273811,772,27.83
1789274107,767,27.52
1789274402,804,27.52
1789274698,755,27.00
1789274994,754,27.31
1789275289,764,27.41
1789275585,760,27.31
1789275881,768,27.31
1789276177,741,27.00
1789276473,763,27.21
1789276769,754,27.41
1789277065,756,27.31
1789277361,764,27.62
1789277657,740,27.41
1789277953,738,27.41
1789278250,797,27.52
1789278546,742,27.11
1789278842,745,27.41
1789279138,796,27.11
1789279435,753,27.31
1789279731,798,27.94
1789280027,766,27.41
1789280324,768,27.21
1789280620,753,27.11
1789280916,759,27.00
1789281213,747,27.11
1789281509,760,27.00
1789281806,752,26.90
1789282102,745,26.90
1789282399,752,27.00
1789282696,747,27.21
1789282993,785,27.31
1789283289,762,26.80
1789283586,766,26.90
1789283883,741,27.00
1789284180,746,26.90
1789284476,756,26.90
1789284773,753,27.21
1789285070,802,27.11
1789285367,795,26.90
1789285664,756,26.80
1789285961,788,26.90
1789286258,738,26.59
1789286555,773,26.90
1789286852,741,27.00
1789287150,763,26.80
1789287447,741,26.80
1789287744,741,27.00
1789288041,743,26.70
1789288339,754,26.59
1789288636,751,26.70
1789288933,749,26.38
1789289231,770,26.49
1789289528,742,26.70
1789289825,757,26.08
1789290123,753,26.90
1789290420,761,26.80
1789290718,799,26.49
1789291015,738,26.59
1789291313,762,27.00
1789291611,744,26.80
1789291908,760,26.59
1789292206,762,26.70
1789292504,812,26.38
1789292801,743,26.49
1789293099,756,25.98
1789293397,745,26.59
1789293695,756,26.28
1789293993,757,26.38
1789294291,739,25.87
1789294589,763,26.08
1789294887,803,26.80
1789295185,809,26.17
1789295483,806,26.38
1789295781,754,26.70
1789296079,771,26.08
1789296377,767,26.17
1789296675,754,26.28
1789296973,795,26.08
1789297271,765,26.28
1789297569,743,26.08
1789297867,784,26.38
1789298165,772,26.38
1789298463,766,25.77
1789298761,738,26.08
1789299059,738,26.49
1789299358,743,26.08
1789299656,738,25.87
1789300855,802,26.49
1789301155,735,26.08
1789301455,794,26.17
1789301755,750,26.08
1789302055,790,26.28
1789302355,788,25.98
1789302655,739,25.98
1789302956,741,25.98
1789303256,779,26.17
1789303556,806,26.28
1789303856,783,25.77
1789304157,737,25.98
1789304457,739,25.98
1789304757,752,26.08
1789305057,775,26.08
1789305357,755,26.38
1789305657,759,26.59
1789305957,764,26.38
1789306257,755,26.49
1789306557,780,26.17
1789306857,738,26.28
1789307157,763,26.17
1789307457,793,26.17
1789307757,795,26.17
1789308057,749,26.38
1789308357,801,26.38
1789308657,737,26.28
1789308957,750,26.17
1789309257,729,26.59
1789309557,732,26.59
1789309857,754,26.38
1789310157,745,26.49
1789310457,787,26.38
1789310757,798,26.59
1789311057,736,26.49
1789311356,749,26.59
1789311656,754,26.59
1789311956,757,26.70
1789312256,738,26.90
1789312555,795,26.38
1789312855,735,26.80
1789313155,735,26.70
1789313454,743,26.80
1789313754,784,26.70
1789314054,745,26.59
1789314353,742,26.80
1789314653,793,27.21
1789314952,792,26.80
1789315252,745,26.70
1789315551,753,26.80
1789315850,738,26.90
1789316150,773,27.11
1789316449,748,27.11
1789316748,747,27.21
1789317047,738,27.00
1789317346,771,27.52
1789317645,795,27.11
1789317944,766,27.73
1789318243,744,27.52
1789318541,736,27.52
1789318840,748,27.31
1789319138,754,27.83
1789319436,758,28.04
1789319734,737,28.14
1789320032,733,27.73
1789320330,735,27.83
1789320628,755,27.83
1789320925,777,28.04
1789321223,748,28.24
1789321520,770,28.14
1789321817,763,28.45
1789322114,756,28.35
1789322411,780,28.24
1789322708,737,28.24
1789323005,745,28.35
1789323302,793,28.65
1789323598,772,28.55
1789323895,759,28.65
1789324191,764,28.86
1789324487,756,28.76
1789324783,735,28.65
1789325079,775,28.65
1789325375,756,28.97
1789325671,785,28.76
1789325967,726,28.86
1789326262,788,28.86
1789326558,767,28.97
1789326853,758,29.07
1789327149,733,29.07
1789327444,771,28.86
1789327740,787,28.97
1789328035,770,29.27
1789328330,745,29.07
1789328625,736,29.48
1789328920,736,29.69
1789329215,756,29.48
1789329510,749,29.07
1789329805,750,29.17
1789330100,749,29.07
1789330395,760,29.27
1789330690,779,28.97
1789330985,749,28.76
1789331280,733,29.17
1789331575,759,29.17
1789331870,746,29.79
1789332165,771,29.37
1789332460,733,29.48
1789332755,731,29.48
1789333049,791,28.97
1789333344,760,29.27
1789333639,751,29.37
1789333934,793,29.58
1789334229,780,29.48
1789334523,737,29.58
1789334818,730,29.48
1789335113,777,29.48
1789335408,751,29.69
1789335702,740,29.17
1789335997,729,29.17
1789336291,789,29.58
1789336586,743,29.07
1789336881,745,29.37
1789337175,727,29.27
1789337470,762,29.27
1789337765,744,29.37
1789338060,734,29.27
1789338355,761,29.37
1789338649,749,29.58
1789338944,744,29.27
1789339239,746,29.48
1789339534,783,29.37
1789339829,746,29.27
1789340124,733,29.48
1789340419,739,29.27
1789340715,738,29.17
1789341010,751,29.37
1789341305,760,28.76
1789341600,732,28.76
1789341895,761,29.07
1789342191,756,28.97
1789342486,749,28.97
1789342782,787,29.27
1789343078,761,28.86
1789343373,787,28.97
1789343669,789,29.07
1789343965,743,28.65
1789344261,757,28.97
1789344557,735,28.76
1789344853,751,28.55
1789345150,742,28.76
1789345446,738,28.65
1789345743,734,28.45
1789346039,753,28.45
1789346336,751,28.14
1789346633,731,28.14
1789346930,781,28.45
1789347227,749,28.04
1789347524,733,28.35
1789347822,731,27.73
1789348119,740,28.14
1789348417,766,27.94
1789348714,749,27.83
1789349012,779,27.94
1789349310,754,27.94
1789349608,750,27.52
1789349905,770,28.04
1789350203,768,27.52
1789350501,768,27.21
1789350799,786,27.73
1789351097,794,27.73
1789351395,772,27.73
1789351693,742,27.62
1789351991,789,27.31
1789352289,745,27.11
1789352588,760,27.31
1789352886,750,27.31
1789353184,760,27.11
1789353483,731,27.73
1789353781,730,27.52
1789354080,732,27.62
1789354378,772,27.11
1789354677,755,27.00
1789354976,781,27.31
1789355274,738,26.90
1789355573,772,27.00
1789355872,738,27.11
1789356171,738,27.11
1789356470,728,27.21
1789356769,751,26.90
1789357068,743,27.11
1789357367,730,27.11
1789357667,730,27.11
1789357966,750,27.00
1789358265,741,26.59
1789358565,778,26.90
1789358864,742,26.70
1789359164,746,26.90
1789359463,731,26.70
1789359763,743,26.59
1789360063,739,26.49
1789360363,738,26.28
1789360663,742,26.49
1789360963,743,26.70
1789361263,731,26.70
1789361563,766,26.70
1789361863,785,26.38
1789362163,772,26.38
1789362463,766,26.38
1789362763,732,26.38
1789363063,737,26.17
1789363364,740,26.49
1789363664,756,25.98
1789363965,735,26.08
1789364265,740,25.77
1789364566,763,26.28
1789364866,730,26.38
1789365167,731,25.98
1789365468,772,26.17
1789365768,733,25.56
1789366069,744,25.77
1789366370,787,25.46
1789366671,773,25.87
1789366972,743,26.08
1789367273,733,25.77
1789367575,749,25.56
1789367876,732,25.35
1789368177,761,25.46
1789368478,754,25.46
1789368780,759,25.15
1789369081,749,25.15
1789369383,782,25.15
1789369685,749,25.56
1789369987,743,25.35
1789370288,737,25.15
1789370590,777,25.04
1789370892,729,25.35
1789371194,763,25.04
1789371496,789,25.25
1789371799,727,25.35
1789372101,742,24.84
1789372403,726,25.04
1789372706,758,24.63
1789373008,739,25.15
1789373311,755,24.63
1789373613,741,24.94
1789373916,738,25.35
1789374219,788,25.15
1789374522,741,24.84
1789374825,744,24.84
1789375128,789,24.84
1789375431,740,24.53
1789375734,739,24.63
1789376038,777,24.42
1789376341,726,24.63
1789376645,745,24.42
1789376948,779,24.63
1789377252,757,24.42
1789377555,733,24.42
1789377859,788,24.22
1789378163,762,24.53
1789378467,756,24.53
1789378771,772,24.32
1789379075,729,24.22
1789379379,778,24.01
1789379683,784,24.32
1789379987,789,24.11
1789380291,775,24.42
1789380596,729,24.11
1789380900,730,23.91
1789381205,752,24.11
1789381509,746,23.81
1789381814,727,24.11
1789382118,774,23.81
1789382422,746,24.22
1789382726,746,24.11
1789383030,791,24.53
1789383334,727,24.42
1789383638,747,24.22
1789383942,759,24.11
1789384246,739,24.22
1789384550,748,23.91
1789384853,744,24.53
1789385157,759,24.11
1789385461,739,24.32
1789385764,730,24.42
1789386068,787,24.11
1789386372,727,24.42
1789386675,776,24.32
1789387276,764,24.42
1789387576,728,24.01
1789387876,748,23.70
1789388177,727,23.70
1789388478,746,23.70
1789388778,786,23.91
1789389079,744,23.70
1789389380,728,23.60
1789389682,762,23.60
1789389983,781,23.60
1789390285,725,23.81
1789390586,786,23.50
1789390888,731,23.70
1789391190,744,23.50
1789391492,726,23.29
1789391794,769,23.29
1789392096,760,23.60
1789392398,729,23.18
1789392700,735,23.29
1789393002,734,23.40
1789393304,727,23.60
1789393606,748,23.08
1789393908,731,23.18
1789394210,730,23.18
1789394513,741,23.08
1789394815,745,23.18
1789395117,924,23.60
1789395419,895,23.60
1789395721,941,23.70
1789396022,915,23.50
1789396324,903,23.60
1789396625,960,23.50
1789396926,892,23.29
1789397228,930,23.50
1789397529,946,23.29
1789397830,913,23.40
1789398131,932,23.18
1789398432,896,23.50
1789398734,909,23.60
1789399035,967,23.29
1789399336,898,23.40
1789399637,906,23.40
1789399938,938,23.18
1789400239,900,23.08
1789400540,913,23.29
1789400840,917,22.98
1789401141,921,23.08
1789401442,914,23.08
1789401743,907,23.18
1789402044,969,23.29
1789402345,960,23.50
1789402646,958,22.98
1789402946,962,23.40
1789403247,953,23.08
1789403548,960,23.18
1789403848,917,23.18
1789404149,915,23.18
1789404449,935,22.78
1789404750,921,23.18
1789405051,920,22.78
1789405351,941,22.98
1789405652,921,22.88
1789405953,941,22.78
1789406253,922,22.88
1789406554,939,22.78
1789406854,915,22.78
1789407155,920,22.67
1789407455,930,23.18
1789407755,889,23.18
1789408056,900,23.18
1789408356,924,23.18
1789408656,948,23.40
1789408955,897,23.50
1789409255,933,23.40
1789409554,924,23.60
1789409853,919,23.60
1789410152,881,23.40
1789410450,898,23.70
1789410749,895,23.29
1789411047,949,24.01
1789411345,883,23.91
1789411644,887,23.91
1789411942,887,23.81
1789412240,916,23.81
1789412538,918,23.81
1789412836,876,24.01
1789413133,896,24.11
1789413431,900,24.11
1789413729,867,23.91
1789414026,862,24.32
1789414324,848,24.32
1789414621,846,24.22
1789414919,821,24.32
1789415216,803,24.63
1789415513,824,24.11
1789415810,773,24.42
1789416108,776,24.32
1789416405,824,24.22
1789416702,771,24.42
1789417000,821,24.42
1789417297,768,24.22
1789417594,768,24.32
1789417891,794,24.63
1789418187,781,24.32
1789418484,764,24.74
1789418781,783,24.53
1789419077,778,24.22
1789419374,801,24.63
1789419670,761,24.84
1789419966,771,24.63
1789420263,779,24.74
1789420559,818,25.04
1789420855,751,24.94
1789421151,806,25.25
1789421447,771,24.94
1789421743,784,24.94
1789422039,808,25.04
1789422335,754,24.74
1789422630,808,24.94
1789422926,789,25.04
1789423222,779,24.94
1789423518,750,24.84
1789423813,770,25.04
1789424109,750,25.15
1789424405,805,25.04
1789424701,764,24.94
1789424997,771,25.04
1789425293,755,25.15
1789425589,799,24.84
1789425885,751,24.74
1789426181,772,25.04
1789426477,770,25.04
1789426773,753,25.04
1789427069,820,24.84
1789427365,816,25.25
1789427661,766,25.04
1789427957,813,25.15
1789428253,752,25.04
1789428550,756,24.84
1789428846,764,25.04
1789429142,794,25.15
1789429439,784,24.94
1789429735,792,24.94
1789430032,761,24.63
1789430328,809,24.84
1789430624,773,25.04
1789430921,782,24.74
1789431217,764,24.94
1789431514,770,24.74
1789431811,782,24.63
1789432107,782,24.94
1789432404,765,24.53
1789432701,749,24.42
1789432998,806,24.74
1789433295,766,24.63
1789433592,807,24.53
1789433889,780,24.63
1789434186,784,24.84
1789434483,753,24.22
1789434780,768,24.74
1789435077,816,24.53
1789435374,755,24.74
1789435672,765,24.53
1789435969,750,24.63
1789436266,773,24.74
1789436564,757,24.63
1789436862,764,24.11
1789437159,748,24.32
1789437457,750,24.32
1789437754,770,24.42
1789438052,783,24.32
1789438350,768,24.22
1789438648,751,24.42
1789438946,766,24.32
1789439244,762,24.11
1789439542,805,24.22
1789439840,761,24.22
1789440138,757,24.22
1789440436,746,24.11
1789440734,804,24.01
1789441032,795,23.91
1789441330,771,24.32
1789441628,763,24.22
1789441926,781,24.32
1789442224,755,24.32
1789442523,762,24.11
1789442821,805,24.01
1789443119,797,23.91
1789443418,741,24.11
1789443716,766,23.91
1789444015,804,23.91
1789444313,759,24.11
1789444612,802,24.42
1789444911,744,23.70
1789445210,750,24.11
1789445508,770,24.11
1789445807,763,23.91
1789446106,767,23.60
1789446405,799,23.40
1789446704,758,23.70
1789447003,769,23.40
1789447302,806,23.60
1789447601,746,23.70
1789447900,780,23.29
1789448199,762,23.40
1789448498,748,23.60
1789448798,763,23.50
1789449097,756,23.29
1789449396,761,23.29
1789449696,773,23.50
1789449996,749,23.18
1789450295,758,23.40
1789450595,761,23.29
1789450895,746,23.29
1789451195,764,23.18
1789451494,757,23.08
1789451794,772,23.18
1789452094,768,23.40
1789452394,745,22.98
1789452694,746,23.18
1789452994,771,23.50
1789453294,751,22.98
1789453595,750,22.98
1789453895,762,23.29
1789454195,766,23.29
1789454496,758,23.18
1789454796,787,22.98
1789455097,783,23.18
1789455397,758,23.08
1789455698,743,23.29
1789455998,809,22.78
1789456299,805,22.88
1789456600,762,23.08
1789456900,781,23.08
1789457201,765,22.88
1789457502,768,23.08
1789457803,744,23.08
1789458104,756,22.78
1789458405,758,22.78
1789458705,791,22.78
1789459006,762,23.08
1789459307,810,22.57
1789459608,746,22.67
1789459909,813,22.78
1789460210,771,23.18
1789460512,770,22.57
1789460813,771,22.88
1789461114,749,22.88
1789461415,802,22.36
1789461716,789,22.78
1789462018,749,22.98
1789462319,784,22.78
1789462620,752,22.67
1789462922,760,22.67
1789463223,772,22.26
1789463525,761,22.57
1789463827,813,22.57
1789464128,767,22.78
1789464430,775,22.67
1789464731,768,22.36
1789465033,795,22.26
1789465335,810,22.46
1789465637,741,22.67
1789465938,758,22.36
1789466240,746,22.57
1789466542,762,22.36
1789466844,786,22.36
1789467146,766,22.57
1789467448,743,22.57
1789467750,753,22.36
1789468052,768,22.57
1789468354,768,22.36
1789468656,788,23.60
1789468958,758,21.85
1789469259,746,22.05
1789469561,770,22.67
1789469862,753,22.57
1789470163,761,23.08
1789470464,807,22.67
1789470765,753,22.67
1789471066,776,23.08
1789471366,769,22.78
1789471667,773,22.57
1789471968,746,22.67
1789472268,747,22.88
1789472569,785,22.98
1789472869,744,22.67
1789473170,752,23.08
1789473693,758,22.88
1789473993,812,23.08
1789474293,755,22.78
1789474594,808,22.78
1789474895,800,22.78
1789475195,743,22.46
1789475496,765,22.78
1789475797,749,22.57
1789476098,808,22.67
1789476399,748,22.46
1789476701,758,22.46
1789477002,753,22.78
1789477303,757,22.57
1789477605,759,22.98
1789477906,767,22.46
1789478207,768,22.46
1789478509,793,22.98
1789478810,744,22.78
1789479111,768,22.78
1789479412,783,22.88
1789479713,766,22.78
1789480013,746,22.88
1789480314,781,22.88
1789480614,759,23.08
1789480914,765,22.78
1789481214,757,23.29
1789481514,755,23.08
1789481814,753,22.98
1789482114,755,23.40
1789482414,760,23.29
1789482714,754,23.40
1789483014,746,23.29
1789483313,767,23.60
1789483613,758,23.29
1789483912,771,23.40
1789484211,756,23.60
1789484511,756,23.70
1789484810,794,23.18
1789485109,758,23.81
1789485408,758,23.81
1789485707,751,24.22
1789486006,749,23.91
1789486304,743,23.50
1789486604,784,23.70
1789486903,759,23.91
1789487202,754,23.91
1789487502,753,23.91
1789487801,744,23.60
1789488100,790,23.81
1789488399,760,23.81
1789488698,789,23.91
1789488997,762,24.11
1789489296,744,24.01
1789489594,742,23.70
1789489893,761,24.01
1789490191,782,24.32
1789490489,755,24.32
1789490787,794,24.42
1789491085,750,24.84
1789491382,775,24.63
1789491680,761,24.42
1789491977,742,24.84
1789492274,761,24.74
1789492571,776,25.25
1789492868,805,25.04
1789493164,785,25.04
1789493460,744,25.04
1789493757,743,25.15
1789494053,769,25.35
1789494349,768,25.46
1789494644,770,25.66
1789494940,745,25.66
1789495235,764,25.77
1789495531,757,25.66
1789495826,757,25.98
1789496121,776,25.87
1789496415,780,26.70
1789496710,774,26.38
1789497005,770,26.38
1789497299,792,26.70
1789497593,814,26.59
1789497887,762,26.59
1789498181,753,26.70
1789498475,753,26.90
1789498768,766,27.00
1789499062,755,27.11
1789499355,785,27.00
1789499648,778,27.62
1789499941,759,27.52
1789500234,758,27.41
1789500526,782,27.73
1789500819,737,27.73
1789501111,756,27.52
1789501403,742,27.73
1789501695,759,27.83
1789501986,758,28.04
1789502278,756,27.73
1789502569,803,27.94
1789502861,739,27.21
1789503153,804,26.70
1789503445,766,26.80
1789503738,774,26.08
1789504031,768,26.49
1789504324,761,25.87
1789504617,807,25.66
1789504911,758,25.35
1789505205,763,25.56
1789505499,743,25.98
1789505792,772,25.35
1789506087,798,25.25
1789506381,758,25.04
1789506675,754,25.15
1789506970,798,25.15
1789507265,741,24.53
1789507560,798,24.94
1789507854,785,24.84
1789508149,759,24.94
1789508444,766,24.63
1789508740,745,24.84
1789509035,777,24.53
1789509329,753,24.94
1789509624,746,25.46
1789509918,742,25.66
1789510211,789,25.87
1789510504,758,26.49
1789510797,789,26.59
1789511090,740,26.59
1789511382,754,26.90
1789511674,769,27.00
1789511966,749,27.21
1789512257,795,27.21
1789512549,791,27.62
1789512840,748,27.73
1789513131,761,27.83
1789513422,813,27.83
1789513713,754,27.83
1789514004,803,27.73
1789514294,743,28.04
1789514585,745,28.04
1789514876,803,28.04
1789515166,742,27.73
1789515457,802,27.83
1789515747,752,27.83
1789516038,753,28.04
1789516328,766,28.35
1789516618,795,28.04
1789516909,758,28.35
1789517199,744,28.35
1789517489,753,28.24
1789517779,738,28.24
1789518070,746,28.24
1789518360,763,28.45
1789518650,741,28.35
1789518940,802,28.14
1789519230,750,28.45
1789519520,747,28.55
1789519811,745,28.55
1789520101,760,28.14
1789520391,757,28.35
1789520681,772,28.35
1789520972,755,28.35
1789521262,758,28.14
1789521552,758,28.35
1789521842,739,28.45
1789522133,740,28.35
1789522423,756,28.24
1789522714,742,28.45
1789523004,802,28.04
1789523295,751,28.45
1789523585,804,28.35
1789523876,752,27.94
1789524167,761,27.83
1789524458,755,27.94
1789524749,805,27.94
1789525040,757,28.24
1789525392,743,27.73
1789525847,761,27.83
1789526303,765,27.52
1789526759,800,28.04
1789527216,753,27.73
1789527672,750,27.94
1789528129,766,27.73
1789528585,769,27.73
1789529042,802,27.73
1789529499,797,27.62
1789529956,783,27.52
1789530413,768,27.94
1789530870,809,27.41
1789531327,748,27.41
1789531784,758,27.21
1789532241,746,27.00
1789532699,743,27.73
1789533156,770,27.41
1789533614,765,27.41
1789534071,758,27.62
1789534529,755,27.73
1789534986,773,27.73
1789535444,759,27.11
1789535902,800,27.41
1789536360,763,27.31
1789536818,742,27.31
1789537276,742,27.62
1789537735,761,27.21
1789538193,780,27.31
1789538651,777,27.41
1789539110,760,27.11
1789539568,808,27.41
1789540027,782,27.21
1789540486,754,27.52
1789540945,745,27.21
1789541404,756,27.11
1789541863,763,27.31
1789542322,793,27.00
1789542782,815,27.11
1789543241,747,27.21
1789543701,749,27.11
1789544160,760,27.21
1789544620,810,27.00
1789545080,756,27.31
1789545539,808,27.00
1789545999,762,27.00
1789546459,739,27.00
1789546919,750,27.00
1789547379,778,27.11
1789547839,794,27.11
1789548299,771,27.41
1789548759,757,26.80
1789549220,762,27.21
1789549680,770,27.31
1789550140,749,26.90
1789550601,772,27.11
1789551061,749,27.00
1789551521,758,27.11
1789551982,818,26.90
1789552443,769,27.21
1789552903,757,26.80
1789553364,795,27.11
1789553824,764,27.00
1789554285,757,27.11
1789554746,738,27.11
1789555207,808,27.11
1789555667,808,27.41
1789556127,744,27.41
1789556587,761,27.21
1789557047,739,27.31
1789557507,802,27.41
1789557966,784,27.83
1789558425,742,27.94
1789558884,815,27.94
1789559343,776,27.83
1789559803,766,27.73
1789560262,766,27.62
1789560722,757,27.62
1789561182,809,27.62
1789561642,744,27.31
1789562102,771,27.62
1789562562,740,28.04
1789563022,763,27.41
1789563482,765,28.14
1789563942,806,27.52
1789564401,764,27.94
1789564861,739,27.83
1789565320,746,28.35
1789565780,756,27.94
1789566239,743,27.83
1789566698,777,27.94
1789567157,758,28.24
1789567616,817,28.14
1789568075,737,28.35
1789568534,809,28.24
1789568993,746,28.04
1789569452,774,28.04
1789569911,744,28.14
1789570371,820,27.83
1789570830,756,27.94
1789571290,800,27.94
1789571750,760,27.52
1789572209,766,28.04
1789572669,788,27.83
1789573129,737,27.94
1789573588,742,28.14
1789574048,807,27.94
1789574508,804,27.62
1789574968,777,27.52
1789575428,763,27.41
1789575888,737,27.62
1789576349,754,27.83
1789576809,736,27.62
1789577269,802,27.94
1789577729,752,27.41
1789578191,766,27.11
1789578653,807,26.28
1789579117,760,25.46
1789579583,750,25.15
1789580050,773,24.84
1789580518,747,24.53
1789580986,737,24.01
1789581456,770,24.01
1789581926,773,23.60
1789582396,790,23.60
1789582867,735,23.50
1789583338,754,23.29
1789583809,740,23.29
1789584281,751,23.08
1789584753,742,23.29
1789585225,788,23.08
1789585698,755,22.46
1789586171,748,22.78
1789586644,729,22.88
1789587117,794,22.67
1789587590,767,22.78
1789588063,743,22.88
1789588537,758,22.67
1789589010,751,22.67
1789589484,726,22.88
1789589957,737,22.46
1789590430,742,23.08
1789590902,733,23.81
1789591372,726,24.63
1789591840,749,25.25
1789592307,743,25.56
1789592773,780,25.98
1789593238,747,26.59
1789593702,747,27.11
1789594165,751,27.21
1789594627,745,27.11
1789595088,781,27.73
1789595550,763,27.83
1789596010,754,27.73
1789596471,733,27.94
1789596931,799,27.83
1789597391,765,28.14
1789597850,799,28.35
1789598309,737,28.14
1789598768,781,28.45
1789599227,746,28.14
1789599686,755,28.45
1789600144,731,28.45
1789600602,787,28.65
1789601060,746,28.55
1789601519,760,28.55
1789601977,747,29.07
1789602435,734,28.97
1789602893,747,28.76
1789603350,760,28.76
1789603808,804,28.65
1789604266,759,28.97
1789604724,750,28.86
1789605182,776,29.17
1789605640,755,28.65
1789606098,730,28.65
1789606556,774,28.76
1789607014,736,28.35
1789607473,777,28.55
1789607931,783,28.24
1789608389,736,28.35
1789608848,794,28.65
1789609306,798,28.35
1789609764,754,28.65
1789610222,769,28.55
1789610680,730,28.24
1789611139,738,28.76
1789611597,786,28.65
1789612055,745,28.76
1789612514,742,28.45
1789612973,743,28.55
1789613431,754,29.07
1789613890,747,28.35
1789614348,742,28.45
1789614807,745,28.35
1789615266,745,28.35
1789615725,757,28.55
1789616183,753,28.35
1789616642,748,28.45
1789617101,745,28.35
1789617560,798,28.35
1789618020,758,28.14
1789618479,768,28.45
1789618938,732,28.24
1789619398,754,28.45
1789619857,754,28.65
1789620316,762,28.14
1789620775,735,28.45
1789621235,738,28.14
1789621694,756,28.45
1789622154,767,28.45
1789622613,794,28.24
1789623073,745,28.45
1789623532,746,28.55
1789623992,785,28.14
1789624451,737,28.14
1789624911,739,28.14
1789625371,769,28.14
1789625831,797,28.24
1789626290,760,28.04
1789626750,800,28.14
1789627210,795,28.14
1789627670,779,28.04
1789628130,759,28.24
1789628590,747,28.14
1789629050,733,28.14
1789629510,745,27.94
1789629970,755,28.14
1789630430,795,27.83
1789630890,738,28.14
1789631350,744,28.35
1789631810,744,28.04
1789632270,761,28.35
1789632730,731,28.35
1789633190,751,27.83
1789633650,759,28.35
1789634110,732,28.04
1789634570,746,27.94
1789635031,756,27.73
1789635491,748,28.24
1789635951,809,28.24
1789636411,763,28.24
1789636872,734,27.73
1789637332,736,28.24
1789637793,741,28.14
1789638253,761,27.73
1789638714,734,27.52
1789639174,748,27.94
1789639635,757,27.73
1789640095,761,27.83
1789640556,762,27.62
1789641016,782,28.04
1789641477,731,28.04
1789641938,747,27.83
1789642398,763,28.24
1789642858,793,28.24
1789643318,752,28.04
1789643778,757,28.04
1789644237,724,28.24
1789644696,802,28.35
1789645156,756,28.55
1789645615,747,28.04
1789646075,749,27.94
1789646534,760,27.73
1789646994,724,27.62
1789647455,767,27.83
1789647915,805,27.83
1789648376,808,27.83
1789648837,750,27.62
1789649297,766,27.73
1789649759,766,27.52
1789650220,742,27.83
1789650681,755,27.31
1789651143,732,27.52
1789651604,733,27.21
1789652066,731,27.62
1789652528,769,27.21
1789652990,803,27.62
1789653451,771,27.52
1789653913,784,27.62
1789654375,731,27.31
1789654837,735,27.11
1789655299,732,27.31
1789655761,756,27.52
1789656223,792,27.41
1789656685,784,27.31
1789657146,791,27.73
1789657608,797,27.41
1789658070,731,27.73
1789658531,752,27.52
1789658993,745,27.62
1789659455,754,27.73
1789659916,753,27.83
1789660377,725,28.04
1789660839,759,27.62
1789661300,745,27.31
1789661762,746,27.62
1789662223,739,27.62
1789662685,800,27.31
1789663147,803,27.83
1789663609,787,27.41
1789664070,748,27.52
1789664532,740,27.41
1789664994,794,27.52
1789665456,730,27.41
1789665917,743,27.41
1789666379,742,27.52
1789666841,735,27.11
1789667303,728,27.52
1789667765,756,27.52
1789668227,723,27.31
1789668688,736,27.62
1789669150,731,27.41
1789669612,793,27.31
1789670074,755,27.41
1789670536,740,27.62
1789670997,733,27.52
1789671459,742,27.21
1789671921,753,27.62
1789672382,765,27.52
1789672844,746,26.80
1789673308,728,25.87
1789673773,741,25.25
1789674240,743,25.25
1789674707,755,24.94
1789675175,792,24.63
1789675643,740,24.74
1789676110,765,25.77
1789676576,727,26.49
1789677040,726,27.31
1789677503,751,27.11
1789677966,751,27.41
1789678428,785,27.41
1789678889,732,28.04
1789679350,738,28.04
1789679810,714,28.35
1789680270,786,28.65
1789680729,754,27.62
1789682325,726,26.59
1789682622,730,26.28
1789682919,725,25.87
1789683216,738,25.56
1789683514,781,25.66
1789683811,737,25.56
1789684110,742,25.25
1789684408,729,24.94
1789684707,744,25.04
1789685006,751,25.04
1789685305,731,24.63
1789685605,735,24.42
1789685904,727,24.53
1789686203,732,24.84
1789686503,896,24.63
1789686802,821,24.74
1789687102,817,24.11
1789687402,785,24.32
1789687702,779,23.91
1789688003,780,23.60
1789688304,749,23.40
1789688605,763,23.60
1789688906,809,23.29
1789689207,764,22.88
1789689509,762,23.08
1789689810,809,23.29
1789690110,774,23.91
1789690410,800,23.81
1789690710,763,23.91
1789691008,769,24.22
1789691307,797,24.32
1789691606,752,24.22
1789691904,774,24.53
1789692202,798,24.42
1789692501,782,24.32
1789692799,799,24.63
1789693097,772,24.42
1789693394,761,24.42
1789693692,739,24.32
1789693990,747,24.22
1789694288,792,24.32
1789694586,773,24.63
1789694883,785,24.42
1789695181,742,24.42
1789695478,764,24.42
1789695776,759,24.53
1789696073,762,24.74
1789696371,800,24.84
1789696668,742,24.74
1789696965,754,24.84
1789697263,787,24.63
1789697560,796,24.84
1789697857,750,24.74
1789698154,745,24.94
1789698451,799,24.42
1789698748,806,24.53
1789699045,786,24.84
1789699342,750,25.25
1789699639,742,24.94
1789699936,743,24.84
1789700232,755,24.94
1789700529,750,24.94
1789700826,765,25.25
1789701123,791,25.04
1789701419,770,24.74
1789701716,755,24.74
1789702012,744,25.15
1789702309,801,24.63
1789702606,804,24.74
1789702902,758,24.84
1789703199,755,25.04
1789703495,805,24.74
1789703792,745,25.04
1789704088,770,24.84
1789704385,767,25.35
1789704681,809,25.04
1789704978,763,24.74
1789705274,762,24.94
1789705571,765,25.56
1789705867,759,25.46
1789706164,794,25.25
1789706460,779,25.04
1789706757,743,25.25
1789707053,785,25.04
1789707350,772,25.15
1789707647,758,24.84
1789707943,741,25.04
1789708240,792,25.04
1789708537,750,24.94
1789708834,770,25.25
1789709130,796,24.74
1789709427,759,25.15
1789709723,749,25.25
1789710020,746,25.15
1789710316,760,24.84
1789710613,743,25.04
1789710910,746,25.04
1789711207,770,25.35
1789711503,757,25.04
1789711800,758,25.04
1789712097,747,25.15
1789712393,757,25.46
1789712690,799,25.25
1789712987,746,25.25
1789713283,744,25.15
1789713580,757,25.35
1789713876,804,24.94
1789714173,779,25.25
1789714470,749,25.15
1789714766,765,25.35
1789715063,778,25.35
1789715359,811,25.15
1789715655,757,25.04
1789715952,762,24.63
1789716249,807,25.15
1789716545,764,25.35
1789716842,749,25.56
1789717138,746,24.94
1789717435,804,25.25
1789717731,745,25.25
1789718028,757,25.04
1789718325,755,24.94
1789718621,759,25.15
1789718918,750,25.25
1789719215,762,25.46
1789719511,790,25.25
1789719808,795,24.94
1789720105,778,24.94
1789720402,743,25.15
1789720698,769,25.15
1789720995,781,25.35
1789721292,745,25.25
1789721589,813,25.15
1789721885,748,25.15
1789722182,767,25.25
1789722478,780,25.04
1789722775,763,25.15
1789723072,789,25.25
1789723368,741,25.15
1789723665,747,25.15
1789723962,753,25.04
1789724259,750,25.25
1789724556,747,24.94
1789724852,820,25.25
1789725149,772,25.04
1789725446,753,25.25
1789725743,810,25.25
1789726040,751,25.25
1789726336,753,24.84
1789726633,783,24.94
1789726930,791,25.15
1789727227,768,25.15
1789727524,767,24.94
1789727820,780,25.15
1789728117,745,25.46
1789728413,749,25.04
1789728710,750,25.25
1789729006,767,25.25
1789729302,815,25.35
1789729598,751,25.15
1789729894,808,25.35
1789730190,792,25.46
1789730486,760,24.94
1789730783,761,25.46
1789731079,805,25.15
1789731375,767,25.56
1789731671,745,25.98
1789731968,758,25.56
1789732264,794,25.46
1789732560,765,25.25
1789732857,741,25.35
1789733153,782,25.35
1789733449,759,25.25
1789733746,808,25.04
1789734043,813,25.04
1789734339,777,25.15
1789734636,777,25.15
1789734933,745,25.15
1789735230,759,25.25
1789735527,782,25.35
1789735824,743,25.46
1789736121,747,25.25
1789736418,787,25.25
1789736715,807,24.74
1789737012,816,24.74
1789737310,794,24.84
1789737607,775,24.74
1789737904,740,24.74
1789738202,755,24.84
1789738499,777,25.04
1789738796,759,24.84
1789739094,801,24.84
1789739391,759,24.84
1789739689,810,24.53
1789739986,784,24.74
1789740284,741,24.84
1789740582,763,24.42
1789740879,751,24.53
1789741177,764,24.74
1789741475,756,24.84
1789741772,750,24.63
1789742070,748,24.84
1789742367,819,24.84
1789742665,779,24.74
1789742962,742,24.74
1789743260,783,24.94
1789743558,762,24.84
1789744421,773,24.22
1789744935,774,24.84
1789745235,771,25.15
1789745411,757,24.74
1789745708,789,25.04
1789746006,784,25.04
1789746303,754,24.94
1789746600,765,24.94
1789746897,756,25.46
1789747194,761,25.25
1789747491,741,25.25
1789747788,764,25.15
1789748085,746,25.35
1789748382,741,25.25
1789748679,752,25.15
1789748976,758,25.46
1789749272,754,25.04
1789749569,755,25.66
1789749866,779,25.35
1789750162,754,25.77
1789750459,745,25.66
1789750756,746,25.46
1789751052,775,25.66
1789751348,798,25.87
1789751644,756,25.56
1789751940,756,26.08
1789752236,756,25.98
1789752532,743,25.66
1789752828,757,26.28
1789753123,747,25.98
1789753419,764,26.08
1789753715,790,26.17
1789754011,792,25.98
1789754306,744,26.38
1789754601,786,26.38
1789754897,772,26.08
1789755192,763,26.59
1789755487,748,26.49
1789755782,752,26.70
1789756077,807,26.70
1789756372,808,26.59
1789756667,764,26.28
1789756962,783,26.59
1789757257,743,26.70
1789757552,790,26.59
1789757847,784,26.49
1789758142,760,26.80
1789758437,770,26.38
1789758732,759,26.49
1789759026,820,26.90
1789759321,757,26.59
1789759615,755,26.80
1789759910,800,26.90
1789760204,746,26.90
1789760499,746,26.80
1789760793,778,26.90
1789761087,765,27.11
1789761381,772,26.49
1789761676,755,26.90
1789761970,804,26.80
1789762264,811,26.80
1789762557,808,26.59
1789762851,745,26.80
1789763145,792,27.31
1789763439,756,26.90
1789763733,765,27.11
1789764027,744,27.00
1789764321,750,27.41
1789764614,766,28.04
1789764908,779,26.90
1789765202,792,27.00
1789765495,775,27.00
1789765789,763,27.21
1789766082,791,27.41
1789766376,772,27.21
1789766669,809,27.52
1789766963,756,27.21
1789767256,769,27.21
1789767549,743,27.31
1789767842,761,27.31
1789768135,750,27.52
1789768429,744,27.62
1789768722,762,27.41
1789769015,757,27.31
1789769309,745,27.00
1789769602,763,27.31
1789769895,793,27.21
1789770189,754,27.62
1789770482,750,27.52
1789770775,758,27.21
1789771068,761,27.11
1789771362,768,27.41
1789771655,750,27.31
1789771948,765,27.31
1789772241,799,27.52
1789772535,799,27.41
1789772828,760,26.90
1789773122,766,27.31
1789773415,800,26.90
1789773709,759,27.11
1789774002,764,27.21
1789774296,756,26.80
1789774590,798,27.00
1789774883,756,27.21
1789775177,744,26.90
1789775471,768,26.90
1789775765,775,27.00
1789776059,752,26.49
1789776353,785,26.38
1789776647,763,26.49
1789776941,787,26.59
1789777236,744,26.17
1789777530,763,26.17
1789777825,764,26.08
1789778120,743,25.77
1789778415,743,26.49
1789778710,756,25.66
1789779005,751,25.77
1789779301,749,25.98
1789779596,738,25.77
1789779891,739,25.66
1789780187,747,25.35
1789780482,736,25.25
1789780778,743,25.56
1789781074,757,25.56
1789781370,786,25.15
1789781666,752,25.46
1789781962,753,25.25
1789782258,793,25.46
1789782555,744,25.66
1789782851,753,25.98
1789783147,789,25.25
1789783443,750,25.35
1789783739,762,25.15
1789784036,747,25.04
1789784332,774,25.46
1789784628,783,25.56
1789784925,799,25.15
1789785221,779,25.35
1789785518,758,25.66
1789785814,744,25.15
1789786111,754,25.46
1789786407,779,25.15
1789786704,755,25.35
1789787001,764,25.15
1789787297,745,25.04
1789787594,745,25.25
1789787891,738,25.15
1789788188,747,25.04
1789788485,737,25.04
1789788781,786,25.35
1789789078,747,25.25
1789789375,752,25.25
1789789672,733,25.15
1789789970,766,25.25
1789790267,739,24.94
1789790564,777,24.94
1789790861,733,24.84
1789791158,747,25.15
1789791455,783,25.04
1789791753,737,24.84
1789792050,802,24.74
1789792348,778,25.25
1789792645,751,25.15
1789792943,774,24.94
1789793241,739,25.15
1789793538,756,24.94
1789793836,733,24.84
1789794134,761,24.84
1789794432,774,24.53
1789794730,767,24.74
1789795028,748,24.74
1789795326,762,24.84
1789795624,738,24.74
1789795922,747,25.15
1789796220,741,24.74
1789796519,739,24.63
1789796817,776,24.42
1789797116,746,24.84
1789797414,748,24.63
1789797713,748,24.63
1789798011,760,24.63
1789798310,799,24.53
1789798608,747,24.53
1789798907,798,24.63
1789799206,800,24.42
1789799504,760,24.42
1789799803,779,24.53
1789800102,777,24.63
1789800401,791,24.32
1789800700,738,24.42
1789800999,764,24.42
1789801298,751,24.11
1789801597,748,24.42
1789801896,796,24.32
1789802195,746,24.32
1789802494,741,24.11
1789802794,748,24.42
1789803093,738,24.22
1789803392,789,24.22
1789803692,762,24.11
1789803991,750,24.11
1789804291,753,24.32
1789804590,756,24.32
1789804890,744,24.11
1789805189,790,24.32
1789805489,780,23.91
1789805788,741,24.53
1789806088,769,24.01
1789806388,747,24.22
1789806688,757,24.11
1789806987,793,24.01
1789807287,741,24.11
1789807587,739,24.11
1789807887,754,24.11
1789808187,757,24.22
1789808487,761,23.91
1789808787,741,23.91
1789809087,752,23.91
1789809387,745,23.60
1789809687,780,23.91
1789809988,771,24.11
1789810288,748,23.91
1789810588,751,23.70
1789810888,763,23.91
1789811188,771,23.60
1789811489,777,24.01
1789811789,739,23.50
1789812089,747,24.11
1789812390,754,23.70
1789812690,765,23.81
1789812991,753,23.60
1789813291,753,23.70
1789813592,785,23.60
1789813892,741,23.50
1789814193,742,23.70
1789814494,744,23.40
1789814794,760,23.70
1789815095,779,23.50
1789815396,759,23.81
1789815696,774,23.70
1789815997,748,23.50
1789816298,740,23.60
1789816598,752,23.60
1789816899,742,23.81
1789817199,746,23.81
1789817500,751,23.60
1789817801,762,23.50
1789818101,742,23.60
1789818402,795,23.60
1789818703,740,23.81
1789819003,739,24.01
1789819304,747,23.81
1789819605,792,23.70
1789819905,762,23.50
1789820206,759,23.29
1789820507,787,23.29
1789820808,763,23.50
1789821109,782,23.29
1789821409,763,23.70
1789821710,750,23.60
1789822011,760,23.50
1789822312,794,23.91
1789822613,761,23.60
1789822914,752,23.40
1789823215,769,23.50
1789823515,780,23.70
1789823816,797,23.70
1789824117,761,23.60
1789824418,761,23.50
1789824719,788,23.50
1789825020,784,23.50
1789825321,751,23.29
1789825622,740,23.70
1789825923,748,23.40
1789826224,763,23.50
1789826525,754,23.40
1789826826,795,23.60
1789827127,772,23.18
1789827428,745,23.70
1789827729,753,23.50
1789828030,795,23.70
1789828331,768,23.60
1789828632,771,23.60
1789828933,772,23.40
1789829234,743,23.60
1789829535,804,23.60
1789829836,749,23.40
1789830137,752,23.70
1789830438,797,23.29
1789830739,769,23.60
1789831849,768,23.40
1789832150,740,23.91
1789832450,757,23.50
1789832750,759,23.50
1789833050,752,23.60
1789833350,755,23.40
1789833650,789,23.70
1789833949,756,23.70
1789834249,740,23.40
1789834549,745,24.01
1789834849,760,23.70
1789835149,804,23.50
1789835448,758,23.81
1789835748,759,23.60
1789836048,774,23.60
1789836348,759,23.60
1789836647,742,23.50
1789836947,739,23.70
1789837247,806,23.60
1789837547,766,23.70
1789837846,784,23.91
1789838146,759,23.60
1789838446,744,23.91
1789838745,803,23.91
1789839045,806,23.81
1789839345,736,23.60
1789839644,818,23.70
1789839944,765,24.01
1789840243,756,23.81
1789840543,755,23.91
1789840843,742,23.70
1789841142,791,23.91
1789841442,743,23.70
1789841741,743,24.11
1789842041,772,23.81
1789842340,808,23.81
1789842639,797,23.81
1789842939,750,24.01
1789843238,751,24.22
1789843538,757,23.70
1789843837,787,23.60
1789844137,798,24.11
1789844436,745,24.22
1789844735,750,24.11
1789845033,761,24.01
1789845332,747,24.22
1789845630,752,24.53
1789845928,781,24.74
1789846227,756,24.32
1789846525,768,24.94
1789846823,803,24.53
1789847120,809,24.84
1789847418,758,25.15
1789847715,741,24.53
1789848013,798,24.84
1789848310,772,24.84
1789848607,758,25.35
1789848904,814,25.15
1789849201,759,25.35
1789849498,795,25.35
1789849795,801,25.25
1789850092,747,25.15
1789850388,754,25.15
1789850685,797,25.87
1789850981,786,25.66
1789851278,751,25.56
1789851574,807,25.66
1789851871,751,25.87
1789852167,753,25.98
1789852463,755,25.66
1789852759,808,26.17
1789853055,756,26.28
1789853352,751,26.17
1789853648,759,26.17
1789853944,790,26.08
1789854240,767,26.08
1789854537,797,25.56
1789854833,773,25.77
1789855130,779,25.87
1789855426,751,26.17
1789855723,771,25.77
1789856019,759,25.87
1789856316,781,25.56
1789856613,763,25.77
1789856909,805,26.08
1789857206,757,25.87
1789857503,818,25.77
1789857800,813,25.56
1789858096,752,26.17
1789858393,764,25.56
1789858690,782,26.08
1789858987,745,25.98
1789859284,759,25.66
1789859581,790,25.46
1789859877,760,25.56
1789860174,808,25.15
1789860471,746,25.56
1789860768,759,25.35
1789861065,775,25.98
1789861362,774,25.15
1789861659,772,25.77
1789861956,745,25.35
1789862254,809,25.25
1789862551,753,25.77
1789862848,751,25.25
1789863145,759,25.66
1789863442,797,25.56
1789863739,752,25.77
1789864036,793,25.46
1789864334,750,25.77
1789864631,746,25.46
1789864928,757,25.66
1789865225,749,25.46
1789865523,775,25.35
1789865820,759,25.46
1789866117,754,25.56
1789866414,744,25.66
1789866711,766,25.46
1789867009,754,25.87
1789867306,753,25.35
1789867603,763,25.25
1789867901,809,25.87
1789868198,808,25.25
1789868495,811,25.56
1789868792,749,25.46
1789869090,759,25.77
1789869387,758,25.77
1789869684,815,25.46
1789869982,763,25.35
1789870279,748,25.25
1789870576,763,25.66
1789870874,768,25.25
1789871171,745,25.35
1789871469,749,25.15
1789871766,758,25.15
1789872064,748,25.35
1789872362,761,25.04
1789872659,744,25.04
1789872957,801,25.15
1789873255,778,25.15
1789873553,772,25.04
1789873851,757,24.94
1789874149,743,25.66
1789874447,789,25.15
1789874745,744,25.04
1789875043,759,25.15
1789875341,814,25.15
1789875639,765,25.04
1789875937,752,25.35
1789876235,743,25.15
1789876533,755,25.04
1789876832,763,25.04
1789877130,758,25.04
1789877428,751,25.15
1789877726,757,24.94
1789878024,789,25.04
1789878323,770,25.56
1789878621,809,25.15
1789878919,772,24.94
1789879217,769,25.15
1789879515,795,25.35
1789879813,764,25.15
1789880112,746,24.74
1789880410,748,25.04
1789880708,809,24.94
1789881006,768,25.25
1789881304,760,25.15
1789881603,762,25.35
1789881901,748,25.25
1789882199,818,24.94
1789882497,805,24.53
1789882796,761,24.84
1789883094,774,24.84
1789883392,756,24.94
1789883690,755,25.25
1789883989,755,24.84
1789884287,815,25.15
1789884585,767,25.04
1789884884,759,24.84
1789885182,805,24.84
1789885481,752,24.63
1789885779,759,24.94
1789886078,765,24.74
1789886376,749,25.04
1789886675,744,25.15
1789886973,781,24.94
1789887272,755,25.04
1789887570,792,25.25
1789887869,750,24.94
1789888168,746,24.94
1789888467,749,25.25
1789888765,746,24.84
1789889064,761,24.84
1789889363,822,24.74
1789889662,767,25.04
1789889961,817,24.84
1789890260,754,25.04
1789890559,741,24.84
1789890857,756,24.94
1789891156,774,24.94
1789891455,813,25.15
1789891754,745,24.74
1789892053,767,24.74
1789892351,796,25.04
1789892650,745,25.15
1789892949,769,24.63
1789893248,823,24.84
1789893547,818,24.94
1789893846,765,24.84
1789894144,785,24.74
1789894443,805,24.74
1789894742,759,24.32
1789895041,752,24.84
1789895340,748,24.63
1789895639,760,24.94
1789895937,788,24.42
1789896236,803,24.94
1789896535,781,24.84
1789896834,800,24.42
1789897133,765,24.84
1789897432,767,24.84
1789897731,751,24.74
1789898030,812,24.63
1789898328,794,24.94
1789898627,770,24.74
1789898926,746,24.63
1789899225,747,24.94
1789899524,744,24.53
1789899823,778,24.63
1789900122,749,24.53
1789900421,762,24.94
1789900720,823,24.94
1789901019,762,24.42
1789901318,745,24.94
1789901617,814,24.74
1789901916,758,24.74
1789902215,759,24.74
1789902514,820,24.84
1789902813,771,24.94
1789903112,761,24.53
1789903411,774,24.74
1789903710,782,24.63
1789904009,743,25.15
1789904308,792,24.84
1789904607,750,25.04
1789904906,764,24.74
1789905205,762,24.63
1789905504,745,24.63
1789905803,771,24.94
1789906102,757,24.53
1789906401,808,24.94
1789906700,824,24.63
1789906999,769,24.42
1789907298,795,24.84
1789907597,786,24.63
1789907896,750,24.42
1789908195,738,24.74
1789908494,744,24.63
1789908793,806,24.84
1789909092,739,24.42
1789909391,749,24.32
1789909690,755,24.74
1789909989,738,24.53
1789910288,747,24.94
1789910587,755,24.63
1789910886,769,24.63
1789911185,761,24.74
1789911484,754,24.63
1789911783,740,25.25
1789912083,744,24.53
1789912382,743,25.04
1789912681,763,24.63
1789912980,748,24.84
1789913279,798,24.74
1789913578,746,24.42
1789913878,761,24.84
1789914177,737,24.53
1789914476,740,24.74
1789914775,743,24.32
1789915075,799,24.94
1789915374,776,24.74
1789915673,755,24.63
1789915972,763,24.63
1789916271,755,24.74
1789916571,742,24.84
1789916870,744,24.53
1789917169,792,24.74
1789917468,791,24.74
1789918283,756,24.74
1789918583,764,25.15
1789918883,762,24.74
1789919183,746,24.84
1789919483,763,25.04
1789919783,753,24.74
1789920083,756,24.74
1789920383,744,24.84
1789920683,751,24.84
1789920982,755,25.15
1789921282,739,25.04
1789921582,786,24.94
1789921881,740,25.04
1789922181,756,25.04
1789922480,737,25.35
1789922780,774,25.25
1789923079,783,25.46
1789923378,741,25.25
1789923677,767,25.56
1789923976,739,25.35
1789924275,753,25.77
1789924574,758,25.56
1789924873,735,25.66
1789925172,742,25.77
1789925470,776,25.56
1789925769,755,26.17
1789926067,734,25.77
1789926366,741,25.87
1789926664,805,25.77
1789926962,752,26.08
1789927260,740,26.17
1789927558,729,25.87
1789927856,797,26.38
1789928154,738,26.38
1789928452,754,26.08
1789928749,810,26.38
1789929047,751,26.59
1789929344,754,26.59
1789929642,781,26.59
1789929939,770,26.80
1789930236,741,26.90
1789930533,767,27.00
1789930829,812,27.00
1789931126,753,27.11
1789931422,753,27.31
1789931718,769,27.31
1789932014,740,27.21
1789932310,736,27.52
1789932606,758,27.31
1789932902,817,27.52
1789933198,763,26.70
1789933495,747,25.66
1789933793,810,25.25
1789934091,745,25.04
1789934390,749,24.74
1789934689,805,24.63
1789934989,818,24.22
1789935289,939,24.74
1789935590,917,24.42
1789935891,918,23.81
1789936193,963,24.11
1789936494,914,23.60
1789936796,941,23.29
1789937099,904,22.98
1789937401,921,22.98
1789937704,945,22.57
1789938007,974,22.57
1789938311,967,22.78
1789938614,948,22.16
1789938918,914,22.88
1789939220,969,23.08
1789939522,971,23.40
1789939823,969,23.60
1789940125,954,23.81
1789940426,959,23.60
1789940727,940,23.81
1789941028,938,23.50
1789941329,930,23.70
1789941630,973,23.70
1789941930,934,23.70
1789942231,969,23.70
1789942532,922,23.91
1789942832,915,23.60
1789943133,941,23.60
1789943433,943,23.81
1789943733,935,23.91
1789944034,901,23.81
1789944334,930,23.81
1789944634,966,24.01
1789944934,934,23.50
1789945235,902,23.70
1789945535,971,23.91
1789945835,927,23.91
1789946135,921,23.60
1789946435,902,24.01
1789946735,913,23.81
1789947036,910,23.91
1789947336,966,23.81
1789947636,919,24.01
1789947937,897,23.70
1789948237,951,23.91
1789948538,943,23.60
1789948838,946,23.81
1789949138,893,24.01
1789949439,908,23.81
1789949739,920,23.70
1789950040,946,23.91
1789950340,975,23.70
1789950641,891,23.81
1789950941,956,23.81
1789951242,914,23.81
1789951542,958,23.70
1789951843,947,23.70
1789952144,935,23.60
1789952444,893,24.01
1789952745,851,23.91
1789953045,905,23.81
1789953345,912,24.11
1789953646,905,23.70
1789953946,835,23.60
1789954247,829,23.91
1789954547,829,24.32
1789954847,829,23.60
1789955148,860,23.91
1789955449,814,23.70
1789955749,799,24.11
1789956050,792,24.01
1789956351,781,24.22
1789956652,793,23.91
1789956952,859,23.70
1789957253,804,23.60
1789957554,791,23.91
1789957855,766,23.81
1789958156,816,23.81
1789958457,800,23.60
1789958758,801,23.91
1789959059,790,23.60
1789959360,795,23.91
1789959661,845,23.60
1789959962,771,23.60
1789960263,787,23.40
1789960564,783,23.70
1789960866,779,23.50
1789961167,762,23.29
1789961468,836,23.81
1789961769,764,23.70
1789962070,791,23.60
1789962372,760,23.40
1789962673,832,23.18
1789962975,834,23.60
1789963276,764,23.29
1789963578,818,23.50
1789963879,788,23.29
1789964181,776,23.70
1789964483,808,23.08
1789964784,785,23.50
1789965086,843,23.08
1789965388,759,23.18
1789965690,788,23.40
1789965992,823,23.18
1789966293,768,23.18
1789966595,844,23.40
1789966897,770,23.40
1789967199,776,23.29
1789967501,780,23.18
1789967804,844,22.98
1789968106,844,23.29
1789968408,780,23.08
1789968710,785,22.98
1789969013,766,23.08
1789969315,780,22.98
1789969617,766,23.18
1789969919,816,23.29
1789970222,817,22.88
1789970524,835,22.88
1789970826,764,23.29
1789971129,840,22.88
1789971431,830,22.88
1789971734,805,22.98
1789972036,789,22.78
1789972339,764,22.98
1789972641,770,22.57
1789972944,849,22.57
1789973246,762,22.78
1789973549,847,22.98
1789973852,760,22.57
1789974154,813,22.46
1789974457,776,22.88
1789974760,842,22.67
1789975063,779,22.67
1789975365,816,22.67
1789975668,838,22.57
1789975971,778,22.78
1789976274,823,22.46
1789976577,822,22.67
1789976880,787,22.67
1789977183,782,23.08
1789977486,803,22.36
1789977789,769,22.57
1789978091,771,22.46
1789978395,785,22.88
1789978698,773,22.78
1789979001,815,22.67
1789979304,786,22.57
1789979607,849,22.67
1789979910,845,22.46
1789980213,772,22.67
1789980517,772,22.57
1789980820,770,22.36
1789981123,785,22.57
1789981426,846,22.67
1789981730,769,22.67
1789982033,809,22.36
1789982336,793,22.26
1789982639,836,22.67
1789982943,782,22.57
1789983246,818,22.57
1789983550,762,22.57
1789983853,766,22.36
1789984157,784,22.46
1789984460,845,22.46
1789984764,790,22.26
1789985067,787,22.57
1789985371,849,22.57
1789985675,848,22.36
1789985978,840,22.26
1789986282,781,22.26
1789986586,783,22.05
1789986889,769,22.36
1789987193,841,22.88
1789987497,772,22.36
1789987800,783,22.57
1789988104,813,22.57
1789988408,769,22.26
1789988416,783,22.26
1789988716,849,22.16
1789989016,789,22.46
1789989316,768,22.36
1789989616,775,22.67
1789989916,785,22.46
1789990215,845,22.46
1789990514,756,22.36
1789990814,838,22.57
1789991113,851,22.67
1789991412,780,22.67
1789991711,764,22.78
1789992010,786,22.46
1789992309,778,22.57
1789992608,815,22.46
1789992908,848,22.88
1789993207,834,22.46
1789993507,831,22.78
1789993806,836,22.67
1789994106,819,22.46
1789994406,778,22.26
1789994665,778,22.46
1789994965,812,22.46
1789995265,810,22.26
1789995566,778,22.26
1789995866,844,22.98
1789996167,774,22.36
1789996467,780,22.36
1789996767,811,22.36
1789997068,797,22.46
1789997368,770,22.36
1789997669,851,22.57
1789997969,786,22.26
1789998270,825,22.78
1789998570,766,22.36
1789998871,816,22.57
1789999165,791,22.46
1789999570,790,22.36
1789999870,788,22.26
1790000170,791,22.36
#boot,1790000442,192.168.4.29
1790000442,786,22.57
#boot,1790000555,192.168.4.29
1790000556,787,22.57
1790000856,786,22.57
1790001156,784,22.57
1790001456,784,22.57
1790001756,785,22.67
#boot,946684810,192.168.4.29
1790002001,769,22.36
1790002300,793,22.78
1790002599,773,22.78
1790002898,774,22.88
1790003196,763,22.78
1790003495,772,22.78
1790003794,765,22.78
1790004093,766,22.67
1790004391,776,22.78
1790004690,777,22.78
1790004989,765,22.78
1790005287,773,22.88
#cal,1790005601,1000.1,3600
1790005603,764,22.88
1790005903,771,22.98
1790006203,781,22.98
1790006503,778,22.98
1790006803,764,22.88
1790007103,769,22.88
1790007403,777,22.88
1790007703,766,23.08
1790008004,764,22.98
1790008304,765,22.98
1790008604,786,22.98
1790008904,778,22.98
1790009204,765,22.88
1790009505,761,22.98
1790009805,787,22.88
1790010105,783,22.88
1790010406,774,22.98
1790010706,771,23.08
1790011006,785,22.98
1790011306,780,23.18
1790011606,778,23.08
1790011906,776,22.98
1790012205,774,23.18
1790012505,781,23.18
1790012805,767,23.29
1790013104,768,23.29
1790013404,766,23.29
1790013703,769,23.50
1790014002,781,23.50
1790014301,770,23.50
1790014600,770,23.60
1790014899,773,23.50
1790015198,777,23.60
1790015497,782,23.50
1790015796,769,23.60
1790016095,770,23.60
1790016393,767,23.70
1790016692,766,23.81
1790016991,785,23.81
1790017289,772,23.70
1790017588,769,23.81
1790017887,778,23.81
1790018185,774,23.81
1790018484,765,23.81
1790018782,768,23.91
1790019081,770,23.91
1790019379,769,24.01
1790019677,773,24.01
1790019976,783,24.01
1790020274,774,24.11
1790020572,781,23.91
1790020871,778,23.91
1790021169,787,24.01
1790021468,769,23.91
1790021766,771,23.81
1790022064,770,23.91
1790022363,769,24.01
1790022661,770,24.01
1790022960,770,23.91
#boot,1790023084,no-ip
1790023140,779,24.01
1790023440,773,24.01
1790023740,765,24.11
1790024040,778,24.01
1790024339,788,24.22
1790024639,778,24.01
1790024938,777,24.01
1790025238,766,24.22
1790025537,767,24.22
1790025837,777,24.22
1790026136,769,24.22
1790026435,767,24.22
#cal,1790026740,1000.0,3600
1790026742,763,24.32
1790027041,768,24.32
1790027341,764,24.42
1790027641,770,24.42
1790027940,775,24.53
1790028239,771,24.42
1790028539,768,24.32
1790028838,775,24.22
1790029138,775,24.11
1790029438,766,24.11
1790029738,769,24.22
1790030038,778,24.22
1790030338,769,24.22
1790030638,776,24.01
1790030939,771,23.91
1790031239,768,24.01
#net,1790031380,192.168.4.29
1790031540,772,24.11
1790031840,762,24.01
1790032141,763,23.91
1790032442,770,23.91
1790032743,764,23.91
1790033044,781,23.91
1790033344,779,23.91
1790033645,765,23.81
1790033946,767,23.81
1790034248,767,23.70
1790034549,775,23.81
1790034850,784,23.70
1790035152,774,23.60
1790035453,765,23.50
1790035754,783,23.60
1790036056,773,23.50
1790036357,782,23.50
1790036659,764,23.50
1790036961,779,23.50
1790037263,762,23.50
1790037564,767,23.40
1790037866,763,23.40
1790038168,770,23.40
1790038470,765,23.29
1790038772,764,23.29
1790039074,776,23.40
1790039376,763,23.08
1790039678,777,23.29
1790039980,774,23.18
1790040282,774,23.18
1790040584,776,23.18
1790040886,767,23.18
1790041188,767,23.18
1790041491,770,23.08
1790041793,767,23.08
1790042096,771,23.18
1790042398,767,23.18
1790042701,766,23.08
1790043003,762,22.98
1790043306,764,23.08
1790043608,765,22.98
1790043911,769,22.98
1790044214,760,22.88
1790044517,754,22.88
1790044820,764,22.98
1790045123,771,22.98
1790045426,764,22.88
1790045729,771,22.88
1790046032,760,22.88
1790046335,757,22.88
1790046638,766,22.88
#boot,1790046912,192.168.4.29
1790046822,773,22.78
1790047122,761,22.78
1790047422,773,22.78
1790047723,761,22.57
1790048023,764,22.78
1790048323,768,22.78
1790048623,769,22.67
1790048924,757,22.57
1790049224,761,22.57
1790049524,758,22.57
1790049825,758,22.67
1790050125,763,22.57
#cal,1790050423,999.8,3601
1790050425,760,22.67
1790050725,773,22.57
1790051025,755,22.67
1790051325,757,22.46
1790051625,762,22.57
1790051926,757,22.57
1790052226,765,22.46
1790052526,755,22.46
1790052826,764,22.36
1790053127,764,22.46
1790053427,762,22.46
#boot,1790053495,192.168.4.29
1790053509,760,22.36
#boot,1790053617,192.168.4.29
1790053617,765,22.46
1790053918,756,22.36
1790054218,757,22.46
1790054518,758,22.36
1790054819,760,22.36
1790055119,768,22.36
1790055419,760,22.36
1790055720,757,22.36
#boot,1790055798,no-ip
1790055797,756,22.26
1790056097,765,22.36
1790056398,758,22.36
1790056698,771,22.36
1790056998,757,22.16
1790057298,764,22.05
1790057598,773,22.36
1790057899,764,22.16
1790058199,756,22.16
1790058499,757,22.05
1790058800,763,22.05
1790059100,765,22.05
#cal,1790059397,1000.1,3600
1790059399,762,22.26
1790059700,755,22.05
1790060001,761,21.95
1790060302,767,21.95
#boot,1790060314,192.168.4.29
1790060313,767,21.85
1790060613,757,22.05
1790060913,763,21.95
1790061212,761,22.05
#boot,1790061309,192.168.4.29
1790061319,768,21.95
1790061619,758,21.95
1790061920,765,21.85
1790062220,763,21.85
#boot,1790062396,192.168.4.29
1790062397,764,21.95
1790062698,761,21.95
1790062998,763,21.95
1790063298,770,21.85
1790063599,770,21.75
1790063899,781,21.85
1790064200,774,21.85
1790064501,771,21.75
1790064801,762,21.75
1790065102,763,21.75
1790065402,777,21.75
1790065703,764,21.75
#cal,1790065997,1000.0,3600
1790065999,767,21.85
1790066299,764,21.65
1790066600,771,21.65
1790066900,765,21.65
1790067200,770,21.65
1790067501,767,21.65
1790067801,767,21.65
1790068102,765,21.43
1790068402,777,21.54
1790068702,768,21.54
1790069003,774,21.43
1790069304,775,21.54
1790069604,773,21.54
1790069905,775,21.54
1790070206,776,21.54
1790070507,766,21.54
#boot,1790070563,192.168.4.29
1790070559,768,21.54
1790070859,767,21.43
1790071159,765,21.43
1790071458,777,21.43
1790071758,768,21.54
1790072058,769,21.43
1790072358,780,21.43
1790072657,772,21.33
1790072957,765,21.33
1790073256,765,21.43
1790073555,769,21.54
1790073855,786,21.65
#cal,1790074159,1000.0,3600
1790074160,775,21.43
1790074460,767,21.54
1790074760,769,21.54
1790075060,783,21.65
1790075360,772,21.65
1790075661,782,21.54
1790075960,772,21.54
1790076261,774,21.54
1790076561,765,21.54
1790076861,776,21.54
1790077161,779,21.43
1790077461,776,21.54
1790077762,766,21.43
1790078062,765,21.43
1790078362,761,21.54
1790078663,764,21.54
1790078963,772,21.54
1790079263,767,21.33
1790079564,785,21.43
1790079865,779,21.33
1790080165,763,21.23
1790080466,768,21.33
1790080767,779,21.23
1790081068,773,21.23
1790081369,765,21.23
1790081670,763,21.12
1790081971,768,21.02
#boot,1790082228,192.168.4.29
1790082219,781,21.12
1790082519,775,21.02
1790082820,764,21.02
1790083120,765,21.02
1790083420,772,21.02
1790083720,761,20.92
1790084020,761,21.02
1790084321,770,21.02
1790084621,771,20.92
1790084921,774,21.02
